Country,Year,GDP_Growth,Capital_Formation_lag1,Inflation_lag1,Exchange_Rate_lag1,Government_Debt_lag1,Trade_Balance_lag1,Reserves_lag1
Angola,2001,4.206,3.422958873443668,5.606332175168051,2.495520375987708,4.772741829002517,6.291,7.088441130364001
Angola,2002,13.666,3.422958873443668,5.034260670726205,3.093669076519049,4.607377747530092,-11.00968,6.5953599544621575
Angola,2003,3.49,3.422958873443668,4.699507165113494,3.773455103236526,4.176032070315643,-0.867,6.053665931565744
Angola,2004,11.42,3.441283105201441,4.59732952820893,4.31222496521587,3.927108642846187,-3.537,6.452025866438596
Angola,2005,14.03384,3.43977686362963,3.796050829175725,4.42534186848834,3.7287489951943855,2.523,7.2293752771795665
Angola,2006,11.84,3.307655637253791,3.176427508603361,4.467735662238424,3.397390143319201,12.411,8.069854301271986
Angola,2007,13.0,3.21886638390918,2.6606091265020737,4.386616983577508,2.845069647327946,17.327879999999993,9.005631555886897
Angola,2008,10.79,3.2697590351827706,2.583922077885986,4.339981793171552,2.934069613161884,14.487,9.323360506212156
Angola,2009,2.0,3.477787983823868,2.6000937262635624,4.317932736898914,3.336552188168624,7.282,9.790831286684089
Angola,2010,5.29,3.716555489525625,2.689275045775876,4.373593256832152,3.880491057814984,-9.267,9.490880385446614
Angola,2011,3.59,3.337831506040336,2.739548868161581,4.52076327269654,3.4841282223537973,7.856,9.866228706761625
Angola,2012,8.5,3.275482975679492,2.6730445919033947,4.542600392300913,3.270253115727949,10.422,10.190418977346043
Angola,2013,4.88,3.2829392331575358,2.423474410269499,4.558790645852169,3.169895642646482,9.649,10.334679256035372
Angola,2014,4.66,3.262969262378712,2.2805439621171653,4.569732415060787,3.383474590007584,5.429,10.343325494543755
Angola,2015,0.76,3.31498568484309,2.155501587560233,4.588048613378176,3.563146148648173,-2.279,10.19229429422534
Angola,2016,-1.7,3.5447203584143305,2.318360012109408,4.7879974620929655,3.919713358712152,-7.802,10.063631131508624
Angola,2017,-0.14,3.339889192933751,3.4561273885206165,5.097769316499278,4.199755076629969,-2.688,10.052458082390377
Angola,2018,-0.59,3.489482946529516,3.4289422419707143,5.111481338997158,4.102511124888494,-0.453,9.739113723413835
Angola,2019,-0.2,3.427514689979529,3.0266978528108712,5.532819159050493,4.413295139589064,6.483,9.611829230401533
Angola,2020,-3.4784,3.429169164736904,2.8947510436998773,5.899419993036365,4.618806783511,5.427,9.673427834899377
Angola,2021,2.1,3.580124294276899,3.147465748579922,6.360021485224736,4.77851738041304,1.311,9.499189662276043
Angola,2022,4.22,3.5863205657861994,3.2870950638453444,6.448006022295655,4.308003274325095,9.955,9.481802466028856
Angola,2023,1.001,3.514109313472816,3.1072736482868986,6.132459450012782,4.027278404857425,8.258,9.432914727937089
Angola,2024,4.503,3.526595791056489,2.6836892001892747,6.529448382003102,4.268087763241184,3.813,9.474611342800843
DRC,2001,-2.1,1.7860766860925568,6.212738207877353,3.59981788715162,4.905141436215417,1.027,4.412798293340635
DRC,2002,2.948,1.6345206928015634,5.881314803606995,5.330869257567532,5.194472593105051,3.808,4.412798293340635
DRC,2003,6.633,1.6576564847045747,3.270177119223751,5.847839527375399,4.912963661589293,4.797,4.203497148749768
DRC,2004,7.661,2.3014844875500127,2.6258997180745327,6.00432692894738,4.740260363076607,5.19971,4.497600342728614
DRC,2005,9.7626,2.3149088426828777,1.6096378924367667,5.990153166791225,5.100390680623585,2.042,5.441279156669271
DRC,2006,5.109,2.835446143620649,3.115513311873048,6.161013227613907,4.718481013992797,0.992,4.866177018576583
DRC,2007,8.53,1.8684118207491376,2.627924156622925,6.149063898425784,4.677946557669583,0.334,5.038531388086827
DRC,2008,7.402,1.7688319645843504,2.871981466117816,6.247558988918249,4.4436977675300975,2.83,5.178354088773978
DRC,2009,0.565,1.5541769975596802,2.942647902461536,6.326672607018242,4.385782074175299,-0.622,4.2732157288157016
DRC,2010,7.843,2.4557352724877206,3.852294232219494,6.69676980941359,4.5176168439801305,-5.915,6.046890519331635
DRC,2011,7.593,3.2541266070653045,3.1970800124977434,6.808943780877211,3.459340495710866,-9.53247,6.627667378691304
DRC,2012,8.669,3.0323052537848314,2.769458829230853,6.823820582335666,3.3783039828488457,-4.852,6.587968041764428
DRC,2013,9.624,2.5081347759072075,0.6189622823705687,6.824107348350728,3.223982762236345,-4.198,6.994927892972383
DRC,2014,7.302,2.677590993617501,0.6291418505840329,6.823901718859993,3.170861359766441,-8.908,7.035355831391758
DRC,2015,6.36,2.7586165646728977,0.8064758658669484,6.830038337359764,3.125619534388413,-4.492,6.953641134489086
DRC,2016,0.394,2.8070505336073537,0.567967295614495,6.830857993996367,3.2380115631766766,-3.69,6.6415541052637375
DRC,2017,3.658,2.5004518611234627,1.4334164681886254,6.918005324489307,3.4958709952648364,-3.871,6.178615027072597
DRC,2018,4.825,2.515678308454754,3.603702756706343,7.289213126211693,3.1432898379116057,-3.146,6.406256257658974
DRC,2019,4.485,2.523085153362838,3.410024970264834,7.391737933294862,2.9607318190059737,-3.481,6.473441812895164
DRC,2020,1.671,2.592190315007675,1.741342983314039,7.407172146038286,2.964912176214104,-3.184,7.039961979750318
DRC,2021,1.726,2.45238345808244,2.514303626638788,7.523547308144317,3.2130991720907462,-2.121,6.563698849041866
DRC,2022,9.22,2.6466002387859877,2.3014844875500127,7.595584077601592,3.206195771710826,-1.062,7.600851237317476
DRC,2023,8.498,2.483572426774864,2.3288374641381115,7.604250956782764,3.118082640831452,-5.114,8.151613926269428
France,2001,1.846,3.084566987254482,1.0349622615916536,0.0794626145222072,4.089683717339906,1.103,10.377058125168798
France,2002,1.12,3.068750366290563,1.0238887424721732,0.1028446306505465,4.084614691030161,1.4802799999999992,10.179724642824768
France,2003,0.994,3.030133700271324,1.077388652216483,0.0559634187884673,4.115045478746134,1.155,10.009523808554484
France,2004,2.519,3.028332533797455,1.1543623037726016,-0.1232440015415973,4.179956349131195,0.84,10.04852857947003
France,2005,1.988,3.061707262477524,1.204472679367587,-0.2182534676022543,4.202855111311035,0.535,10.27769409595804
France,2006,2.929,3.086988793825544,1.0605642210305797,-0.2184045579008269,4.222268596288679,0.104,10.085653972296956
France,2007,2.486,3.121703913115927,1.0619483042965183,-0.2276126090064076,4.180522258463153,0.254,10.603784884727975
France,2008,0.265,3.1599322892342507,0.9574326752053304,-0.3151596127109035,4.181729480547589,-0.102,10.682523626169615
France,2009,-2.732,3.155595178940458,1.4257554300008042,-0.3730471307037385,4.245906179030638,-0.697,10.32161228833307
France,2010,1.843,3.03100288763591,0.0971267107307227,-0.3327384331266675,4.431495140146391,-0.55,10.23022210283658
France,2011,2.485,3.060489520769269,1.007227726866257,-0.2819531937182198,4.457586231282255,-0.629,10.497118771377032
France,2012,0.221,3.1135153092103742,1.1899752946820823,-0.3307094155035119,4.485800892890336,-0.858,10.17149475028102
France,2013,0.915,3.0832851705618523,1.1684492482568891,-0.2505942471377104,4.518958489169026,-2.1130400000000003,10.3205570024049
France,2014,1.02,3.0689827352935835,0.6876319998718352,-0.2837629320557902,4.549086488551176,-0.609,10.218799991321715
France,2015,0.986,3.0836057788042304,0.4768551041948373,-0.2840510765929425,4.565805462465814,-0.913,10.263174529744852
France,2016,0.728,3.078095363979114,0.0881078919779992,-0.1039210817322116,4.574123176915894,-0.325,10.501564927649518
France,2017,2.286,3.072600717810568,0.2677344346420849,-0.1015661276202308,4.586252367133446,-0.528,10.576052193447303
France,2018,1.587,3.099236066568652,0.7728821485787989,-0.1219354481976571,4.592307819271147,-0.547,10.53855981910402
France,2019,2.076,3.1184807388130444,1.131079478805611,-0.1663230181024169,4.589955020181611,-0.698,10.789930848518054
France,2020,-6.42636,3.1365805821413706,0.8320391794265639,-0.112859387528936,4.5860281404597245,0.597,10.853864558090471
France,2021,6.235879999999995,3.1269359591693355,0.4233050262364954,-0.1329528206147367,4.739826708323979,-2.053,10.911300089297733
France,2022,2.624,3.154742554938599,1.1203737804496223,-0.1678340427900008,4.724756040034832,0.277,10.889859092412964
France,2023,1.116,3.181587029375879,1.9235734849329524,-0.0516894221442748,4.712103464206234,-1.172,10.87497134999573
France,2024,1.067,3.14078454525313,1.8965698335804,-0.0781350068159036,4.69805014246312,-0.995,10.296748491805385
Germany,2001,1.633,3.1669176974892976,0.8808707866428946,0.0794626145222072,4.081580108770963,-1.19976,10.782436378994804
Germany,2002,-0.229,3.125224268786745,1.0647107369924282,0.1028446306505465,4.064138290887791,-0.173,10.68532861887364
Germany,2003,-0.536,3.003303539050309,0.8441500540964727,0.0559634187884673,4.091390202395664,1.954,10.657151631463488
Germany,2004,1.171,2.974355407794406,0.7294791098073357,-0.1232440015415973,4.148580190363775,1.499,10.623653808104605
Germany,2005,0.883,2.945543631970704,1.0224509277025458,-0.2182534676022543,4.1738486633347,4.514,10.594097341639417
Germany,2006,3.862,2.930446806855361,1.074319596099065,-0.2184045579008269,4.206482062158951,4.651,10.59075065581692
Germany,2007,2.887,2.990619224167168,1.020650747198398,-0.2276126090064076,4.195651874738817,5.81,10.537916123371488
Germany,2008,0.91,3.0343277913133537,1.1850957485562468,-0.3151596127109035,4.153980460117975,6.672,10.615660980656116
Germany,2009,-5.20048,3.039701310936114,1.3228219381643171,-0.3730471307037385,4.176845783733844,5.6,10.559894163841728
Germany,2010,4.0786,2.9015082516700037,0.2421816533356336,-0.3327384331266675,4.28132193055225,5.803,10.516734556931103
Germany,2011,3.764,2.973282144716399,0.750944279286162,-0.2819531937182198,4.390963468147563,5.742,10.528252701793978
Germany,2012,0.469,3.0583783802042617,1.2476068413459973,-0.3307094155035119,4.362563449760617,6.29,10.547532694048726
Germany,2013,0.386,2.970619572738916,1.1502555218199482,-0.2505942471377104,4.379573628512815,7.188,10.544404526258882
Germany,2014,2.172,2.986237338992189,0.9582001349513648,-0.2837629320557902,4.349438874768138,6.708,10.56424399646093
Germany,2015,1.656,3.003601231932686,0.5704144151776482,-0.2840510765929425,4.311067545733388,7.233,10.524260488705917
Germany,2016,2.289,2.968463846399797,0.5187937934151675,-0.1039210817322116,4.265717512273499,8.105,10.501953968668325
Germany,2017,2.713,2.9823937091148105,0.3126185577418125,-0.1015661276202308,4.223646188651334,8.79204,10.51559064274789
Germany,2018,1.116,3.0210588315,0.9939922395380072,-0.1219354481976571,4.159289250862483,8.067,10.530392080751383
Germany,2019,0.993,3.06670318742457,1.0767074532800598,-0.1663230181024169,4.107737804333096,8.428,10.502468960707713
Germany,2020,-4.1,3.05870707271538,0.856116008838085,-0.112859387528936,4.072456762464071,7.878,10.49110020229849
Germany,2021,3.67,3.07579036572457,0.3155404005801773,-0.1329528206147367,4.220022278642822,6.32,10.515803906188143
Germany,2022,1.367,3.1117804719166577,1.437937594271729,-0.1678340427900008,4.220639417489257,6.92,10.51808538106174
Germany,2023,-0.264,3.1364068428367595,2.192191885198815,-0.0516894221442748,4.174341114984362,3.845,10.510433200820945
Germany,2024,-0.232,3.076067246206265,1.9501867058225733,-0.0781350068159036,4.1411963409993335,5.562,10.515437692770217
Ghana,2001,3.828,3.471469434647487,3.2624332746170293,-0.5414852864634656,4.310302357721585,-3.13,5.502193185651195
Ghana,2002,4.617,3.491220884309744,3.5243585219454885,-0.3336490047608298,4.056452299620851,-3.26,5.6843617744165975
Ghana,2003,5.112,3.293834863333656,2.7629171025430503,-0.2326674041766721,3.99011303864244,-0.691,6.284246095104462
Ghana,2004,5.404,3.411444698113705,3.318757358277768,-0.1429881655367682,3.897903796867263,0.541,7.174735795222181
Ghana,2005,6.23,3.654650262563276,2.6149109963585864,-0.105921946556149,3.6471195198657047,-2.713,7.381464284833096
Ghana,2006,5.817,3.684996926849712,2.7785086647507717,-0.0995888860097286,3.4561589397361296,-4.182,7.468401107671964
Ghana,2007,4.074,3.588699938312025,2.5402625140852924,-0.0887145001171829,2.897522979891459,-3.36,7.64449724631838
Ghana,2008,9.003,3.5439981802938267,2.462064407539368,-0.0697583125765369,3.047422988959346,-5.9,7.592587837655028
Ghana,2009,5.681,3.630641045524845,2.862486554406629,0.0509544869988086,3.14354864824821,-8.241,7.478372228019334
Ghana,2010,7.778,3.584518438789193,2.6489369366097035,0.3400135777118638,3.234355395716587,-3.767,7.983030702285808
Ghana,2011,12.766519999999993,3.7894932534567016,2.0523463296270954,0.3576627891922412,3.4942018751103974,-6.094,8.369755263901851
Ghana,2012,8.422,3.144195381191613,2.160560592964628,0.4191214345556499,3.441090945323832,-6.604,8.52769287629734
Ghana,2013,7.241,3.439937209978086,2.088401283051308,0.6015069250047593,3.568771843726026,-8.8,8.510974716717698
Ghana,2014,2.856,3.2097139830758143,2.5389212380942388,0.6837784305558451,3.759570882236469,-9.00976,8.4934253212333
Ghana,2015,2.121,3.3019293800034863,2.802511535891036,1.063529004538839,3.914240544869101,-6.757,8.499106663806316
Ghana,2016,3.373,3.321793358874887,2.8988358363082942,1.312282217707782,3.987056263658359,-5.711,8.557045244953724
Ghana,2017,8.129,3.236951471595431,2.9153353364819616,1.3634904845774374,4.024315439726768,-5.06,8.565764259650104
Ghana,2018,6.2,2.973793366035237,2.593162968557852,1.4702984429491537,4.042770526676053,-3.316,8.766386805514937
Ghana,2019,6.508,3.0777269211066183,2.382966204940858,1.5228609865114828,4.126747213329601,-3.037,8.659786635904538
Ghana,2020,0.89968,2.9256852752419564,2.1051092884284137,1.6519928046195245,4.066356525681932,-2.232,8.850784905613848
Ghana,2021,5.076,2.902739406704826,2.390412803359566,1.7219999348826045,4.281335754831832,-2.534,8.880683309682164
Ghana,2022,3.818,2.835387449563405,2.3957110709835296,1.7588401935819644,4.37171111214635,-2.713,8.989289247812534
Ghana,2023,3.128,2.742258372431947,3.494110752018224,2.112924672496384,4.432240048961379,-2.302,8.396879918951623
Ghana,2024,5.685,2.293912612564241,3.653373993157896,2.399748856879792,4.335589948900293,-1.601,7.977993490652232
Morocco,2001,7.552,3.093464187773745,1.0409831758314734,2.3632695875278777,4.172231100879172,-3.411,8.576338102165211
Morocco,2002,3.316,3.1404817574401886,0.496523839055131,2.4189936704389616,4.1015684073114205,1.865,9.01942196795671
Morocco,2003,6.317,3.1233776273896607,1.3376291891386096,2.3997647363830974,4.083822734762519,3.1335599999999992,9.201755123973316
Morocco,2004,4.802,3.200222936368991,0.7504722471792148,2.259091129163277,4.041804877377485,2.825,9.520329066463947
Morocco,2005,2.978,3.267894534347735,0.905836273970296,2.182451171168928,3.996933844498543,1.495,9.68700923909068
Morocco,2006,7.76,3.233291419102511,0.7371640659767197,2.18211187955205,4.003087822783858,1.577,9.68084387626357
Morocco,2007,2.706,3.256441322754342,1.4431471727126737,2.174249701553846,3.924781271526809,1.901,9.912551847410969
Morocco,2008,5.923,3.4452780608973304,1.0892351268555127,2.1031987575734985,3.851550871984768,-0.059,10.084975428581505
Morocco,2009,4.244,3.595773967055472,1.558986368938002,2.057051316925641,3.741034967755862,-4.632,9.99770622777511
Morocco,2010,3.816,3.49823334417375,-0.1447004757700621,2.086553690285617,3.752370551895134,-4.923,9.995318961153735
Morocco,2011,5.246,3.4716869103765,0.6876319998718352,2.130272281188704,3.8127770907701737,-4.042,9.992515841704044
Morocco,2012,3.01,3.5285346301233504,0.6825916666204286,2.0906132797767403,3.882697176046317,-7.279,9.817810886533485
Morocco,2013,4.535,3.48587548312478,0.8298610038757673,2.1550642551703367,3.956652143571351,-8.4266,9.643133731822608
Morocco,2014,2.669,3.4940499986767715,1.032828548122107,2.128886719464849,4.044383713068329,-6.806,9.767537441998096
Morocco,2015,4.345,3.418087274330423,0.4200252594394941,2.128985789107188,4.070120173331236,-5.514,9.825819894526209
Morocco,2016,0.521,3.4009973616594884,0.9396165571776516,2.278737821650924,4.067213144830067,-1.961,9.958744908824766
Morocco,2017,5.058,3.457798232685434,0.9301936370431464,2.283144955203861,4.095743583135808,-3.75,10.058233701209726
Morocco,2018,3.066,3.448589743964756,0.5911144549947938,2.2713005851281,4.098685128320521,-3.163,10.097639302888975
Morocco,2019,2.891,3.463890451000579,0.9555114450274363,2.2392301294072685,4.101948909082036,-4.883,10.025333626139238
Morocco,2020,-5.33024,3.415133159400634,0.1798184265758361,2.263540278718423,4.098834467494953,-3.421,10.101624572196734
Morocco,2021,8.060199999999998,3.3541057741283047,0.5235443961737654,2.250959882709528,4.2776827480248265,-1.166,10.420625177062794
Morocco,2022,1.527,3.4181528223115687,0.8612007655561951,2.1959442051362728,4.2391805662675495,-2.344,10.376616069797146
Morocco,2023,3.403,3.4053885862806235,2.0171518531430697,2.318523424589713,4.270144902025789,-3.557,10.272148340963714
Morocco,2024,3.186,3.3555373136266304,1.9652925199889304,2.315642087926581,4.240966975628568,-0.618,10.394944558302996
Nigeria,2001,6.667,2.673423423291475,2.0716613543608737,4.643507550371546,4.033986054527817,10.951,9.201339989778884
Nigeria,2002,13.801199999999993,2.717340248009303,2.989160728170952,4.711611367516158,3.9721204294767274,3.388,9.254912127347591
Nigeria,2003,9.503,2.9993258090641213,2.630665070052665,4.792298159543836,3.7673671071626775,1.152,8.899867211223587
Nigeria,2004,10.442,2.864826003706192,2.710247784645697,4.861534564003969,3.73969138266354,3.294,8.878525467248151
Nigeria,2005,7.008,2.8065673542780285,2.772651220286737,4.889506856317107,3.5691946111679567,12.92,9.73831805455974
Nigeria,2006,6.726,2.7457312680698984,2.93683116563383,4.877289281113263,2.9412760877579323,20.298919999999992,10.24987475870638
Nigeria,2007,7.318,2.7891999880449783,2.2211580942983167,4.857108493689828,2.241135130677823,16.391,10.652487280774942
Nigeria,2008,7.199,2.926060600304672,1.908103938448108,4.834757796349303,2.0938374219635683,10.381,10.84607507303661
Nigeria,2009,8.353,2.747975793974529,2.5323466966098307,4.7754753902863,2.010802739369722,8.69,10.870361981874836
Nigeria,2010,11.259,2.966200470947953,2.605795967063454,5.003140612333995,2.15373699625763,4.586,10.596697231143027
Nigeria,2011,4.887,2.8501861349226525,2.690225616189658,5.012616663220726,2.2399647310123783,3.505,10.300899319368115
Nigeria,2012,4.279,2.785751708766062,2.4709767442545023,5.036059346436415,2.8582502302327284,2.54,10.3112137690775
Nigeria,2013,5.394,2.701897981617012,2.583695620062788,5.059425458265688,2.866591229230761,3.719,10.627547472719533
Nigeria,2014,6.31,2.7016296332992877,2.247389457526096,5.0582289755698895,2.906299786222439,3.65,10.603301709337943
Nigeria,2015,2.653,2.7601997954269666,2.2029857277712908,5.066086662256258,2.899001084594219,0.157,10.367679639938276
Nigeria,2016,-1.617,2.740194654428777,2.303484688236882,5.259786148971372,3.0456646423022,-3.123,10.164380350311934
Nigeria,2017,0.806,2.7322223530731957,2.81522906256682,5.535332264347863,3.197407010252548,1.254,10.12586921368572
Nigeria,2018,1.923,2.7391611961272626,2.8623151601136394,5.722898948825393,3.2329759492469825,3.61,10.524685630323615
Nigeria,2019,2.208,2.9863887585508384,2.572230477959675,5.723858555558032,3.356722891560326,1.727,10.60929890946276
Nigeria,2020,-1.75152,3.235378896967215,2.5173738399255017,5.726590227445485,3.4075769886261944,-2.884,10.491848885618188
Nigeria,2021,3.647,3.3140769078125887,2.656476165556162,5.882795222425001,3.5730476385888146,-3.56,10.444512531307096
Nigeria,2022,3.252,3.515207514169888,2.887757231888692,5.994340480695605,3.605198887447999,-0.738,10.460619869590154
Nigeria,2023,2.86,3.495294705041271,2.9880528622101217,6.054390420346829,3.6996957465477855,0.214,10.319978935254737
Nigeria,2024,3.426,3.42207785924151,3.2449333591874905,6.469551151979402,3.885124461559445,1.655,10.218688801816691
