Country,Year,GDP_Growth,Capital_Formation,Inflation,Government_Debt,Trade_Balance,Exchange_Rate,Reserves
Angola,2000,3.055,30.66,325.029,118.243,6.291,10.04054416666667,1198.03875794989
Angola,2001,4.206,30.66,152.586,100.221,-11.56,22.05786166666667,731.692215172072
Angola,2002,13.666,30.66,108.893,65.107,-0.867,43.53020666666668,375.353428228472
Angola,2003,3.49,31.227,98.219,50.76,-3.537,74.60630083333332,633.985362377846
Angola,2004,11.42,31.18,43.525,41.627,2.523,83.54136250000002,1379.36051687105
Angola,2005,14.15,27.321,22.961,29.886,12.411,87.15914166666668,3196.63604934011
Angola,2006,11.84,24.654,13.305,16.726,18.225,80.36807205555554,8148.84563142399
Angola,2007,13.0,26.305,12.249,18.804,14.487,76.70614275,11196.5447610907
Angola,2008,10.79,32.388,12.465,28.122,7.282,75.03335416666668,17869.1543853501
Angola,2009,2.0,42.849,13.721,48.448,-9.267,79.32816666666668,13238.4451321591
Angola,2010,5.29,28.158,14.48,32.594,7.856,91.9057203405018,19268.5344826868
Angola,2011,3.59,26.456,13.484,26.318,10.422,93.93475000000002,26646.6569072959
Angola,2012,8.5,26.654,10.285,23.805,9.649,95.467955421311,30781.8114145153
Angola,2013,4.88,26.127,8.782,29.473,5.429,96.51827947915258,31134.0042670979
Angola,2014,4.66,27.522,7.298,35.274,-2.279,98.3024168556335,26696.6747177344
Angola,2015,0.76,34.63,9.159,50.386,-7.802,120.0607016650187,23473.5874914675
Angola,2016,-1.7,28.216,30.694,66.67,-2.688,163.6564341165789,23212.7756902187
Angola,2017,-0.14,32.769,29.844,60.492,-0.453,165.9159506914978,16968.4959338563
Angola,2018,-0.59,30.8,19.629,82.541,6.483,252.855747731297,14940.4746769586
Angola,2019,-0.2,30.851,17.079,101.373,5.427,364.8258049808865,15889.7231250195
Angola,2020,-4.04,35.878,22.277,119.145,1.311,578.2587802801105,13348.9053241593
Angola,2021,2.1,36.101,25.765,74.292,9.955,631.441955506727,13118.8114281648
Angola,2022,4.22,33.586,21.36,56.108,8.258,460.5675116314618,12492.8870825955
Angola,2023,1.001,34.008,13.639,71.385,3.813,685.0202377614488,13024.8108286088
Angola,2024,4.503,33.388,28.232,62.501,5.414,869.8461895900078,13613.583433847
DRC,2000,-8.136,5.966,550.0,134.982,1.027,21.81833332735013,82.5
DRC,2001,-2.1,5.127,357.28,185.411,3.808,206.6174999433397,82.5
DRC,2002,2.948,5.247,25.316,136.042,4.797,346.4849999049842,65.5407520803894
DRC,2003,6.633,9.989,12.817,114.464,5.32,405.1781832306695,89.8013800049608
DRC,2004,7.661,10.124,4.001,164.086,2.042,399.4757916666665,230.737143726474
DRC,2005,9.804,17.038,21.545,111.998,0.992,473.9080083333332,129.82365357194
DRC,2006,5.109,6.478,12.845,107.549,0.334,468.278825,154.24332502216
DRC,2007,8.53,5.864,16.672,85.089,2.83,516.7498916666665,177.39060140157
DRC,2008,7.402,4.619,17.966,80.301,-0.622,559.2925083333332,71.752
DRC,2009,0.565,11.655,46.101,91.617,-5.915,809.7858333333332,422.796307
DRC,2010,7.843,27.671,23.461,31.796,-9.719,905.9134583333332,755.717310764726
DRC,2011,7.593,20.745,14.95,29.321,-4.852,919.4913000000003,726.303551
DRC,2012,8.669,12.282,0.857,25.128,-4.198,919.7550166666668,1091.085
DRC,2013,9.624,14.55,0.876,23.828,-8.908,919.565907354881,1136.0991
DRC,2014,7.302,15.778,1.24,22.774,-4.492,925.226282531997,1046.9549
DRC,2015,6.36,16.561,0.738,25.483,-3.69,925.9849612803932,766.2849556
DRC,2016,0.394,12.188,3.193,32.979,-3.871,1010.302757168656,482.323488580819
DRC,2017,3.658,12.375,35.734,23.18,-3.146,1464.417931637428,605.62213843708
DRC,2018,4.825,12.467,29.266,19.288,-3.481,1622.523501622917,647.709188794845
DRC,2019,4.485,13.359,4.705,19.393,-3.184,1647.760127276388,1141.34421161213
DRC,2020,1.671,11.616,11.358,24.856,-2.121,1851.122161832612,708.888924361158
DRC,2021,1.726,14.106,8.989,24.685,-1.062,1989.391471228276,1999.89755817446
DRC,2022,9.22,11.984,9.266,22.603,-5.114,2006.708219440552,3468.97321699398
DRC,2023,8.498,15.834,19.894,25.061,-6.495,2340.035704361452,4229.10241157259
DRC,2024,6.483,14.208,17.653,19.31,-4.075,,
France,2000,4.364,21.858,1.815,59.721,1.103,1.082705081326021,32114.346
France,2001,1.846,21.515,1.784,59.324,1.583,1.116533085644625,26363.207
France,2002,1.12,20.7,1.937,61.255,1.155,1.057558996239648,21965.021
France,2003,0.994,20.651,2.172,65.363,0.84,0.88404792718493,23121.74
France,2004,2.519,21.364,2.335,66.877,0.535,0.8039216477476178,29076.748
France,2005,1.988,21.911,1.888,68.188,0.104,0.803800192161442,23996.277
France,2006,2.929,22.685,1.892,65.4,0.254,0.7964327309491023,40287.031
France,2007,2.486,23.569,1.605,65.479,-0.102,0.729672399984083,43587.41
France,2008,0.265,23.467,3.161,69.819,-0.697,0.6799226800427289,30382.203
France,2009,-2.732,20.718,0.102,84.057,-0.55,0.7169577020161355,27728.668
France,2010,1.843,21.338,1.738,86.279,-0.629,0.7543089901059614,36211.02
France,2011,2.485,22.5,2.287,88.748,-0.858,0.7184138986533171,26147.131
France,2012,0.221,21.83,2.217,91.74,-2.132,0.7783381204168122,30350.158
France,2013,0.915,21.52,0.989,94.546,-0.609,0.7529451227019963,27413.75
France,2014,1.02,21.837,0.611,96.14,-0.913,0.7527281969326028,28657.6164
France,2015,0.986,21.717,0.089,96.943,-0.325,0.9012964233670956,36372.3783
France,2016,0.728,21.598,0.307,98.126,-0.528,0.9034214362572632,39185.1134
France,2017,2.286,22.181,1.166,98.722,-0.547,0.8852055082693724,37743.1703
France,2018,1.587,22.612,2.099,98.49,-0.698,0.8467726671081108,48529.68
France,2019,2.076,23.025,1.298,98.104,0.597,0.8932762570674088,51733.6934
France,2020,-7.593,22.804,0.527,114.831,-2.053,0.875506396987998,55164.2805
France,2021,6.827,23.447,2.066,112.703,0.277,0.8454941388904503,53629.7426
France,2022,2.624,24.202,5.904,111.286,-1.172,0.9496237531569408,52837.2308
France,2023,1.116,23.122,5.663,109.733,-0.995,0.9248395584706977,29636.1
France,2024,1.067,23.718,2.317,113.105,0.396,0.9238895461176068,29599.0
Germany,2000,2.881,23.964,1.413,59.239,-1.524,1.082705081326021,49667.297
Germany,2001,1.633,22.765,1.9,58.062,-0.173,1.116533085644625,43709.844
Germany,2002,-0.229,20.152,1.326,59.823,1.954,1.057558996239648,42495.422
Germany,2003,-0.536,19.577,1.074,63.344,1.499,0.88404792718493,41095.496
Germany,2004,1.171,19.021,1.78,64.965,4.514,0.8039216477476178,39898.633
Germany,2005,0.883,18.736,1.928,67.12,4.651,0.803800192161442,39765.328
Germany,2006,3.862,19.898,1.775,66.397,5.81,0.7964327309491023,37718.883
Germany,2007,2.887,20.787,2.271,63.687,6.672,0.729672399984083,40768.336
Germany,2008,0.91,20.899,2.754,65.16,5.6,0.6799226800427289,38557.047
Germany,2009,-5.548,18.036,0.246,72.336,5.803,0.7169577020161355,36928.34
Germany,2010,4.147,19.556,1.119,81.009,5.742,0.7543089901059614,37356.145
Germany,2011,3.764,21.293,2.482,78.458,6.29,0.7184138986533171,38083.359
Germany,2012,0.469,19.504,2.159,79.804,7.188,0.7783381204168122,37964.414
Germany,2013,0.386,19.811,1.607,77.435,6.708,0.7529451227019963,38725.129
Germany,2014,2.172,20.158,0.769,74.52,7.233,0.7527281969326028,37207.3086
Germany,2015,1.656,19.462,0.68,71.216,8.105,0.9012964233670956,36386.5314
Germany,2016,2.289,19.735,0.367,68.282,8.907,0.9034214362572632,36886.1213
Germany,2017,2.713,20.513,1.702,64.026,8.067,0.8852055082693724,37436.1495
Germany,2018,1.116,21.471,1.935,60.809,8.428,0.8467726671081108,36405.275
Germany,2019,0.993,21.3,1.354,58.701,7.878,0.8932762570674088,35993.736
Germany,2020,-4.1,21.667,0.371,68.035,6.32,0.875506396987998,36893.9886
Germany,2021,3.67,22.461,3.212,68.077,6.92,0.8454941388904503,36978.2574
Germany,2022,1.367,23.021,8.666,64.997,3.845,0.9496237531569408,36696.373
Germany,2023,-0.264,21.673,6.03,62.878,5.562,0.9248395584706977,36880.48
Germany,2024,-0.232,21.048,2.489,63.888,5.729,0.9238895461176068,35291.0
Ghana,2000,3.596,32.184,25.113,74.463,-3.13,0.5449191758687661,231.52
Ghana,2001,3.828,32.826,32.932,57.769,-3.26,0.7163051578089955,294.23
Ghana,2002,4.617,26.946,14.846,54.061,-0.691,0.7924170843131672,536.06
Ghana,2003,5.112,30.309,26.626,49.299,0.541,0.866764326525345,1306.015
Ghana,2004,5.404,38.654,12.666,38.364,-2.713,0.8994948540070625,1605.9396
Ghana,2005,6.23,39.845,15.095,31.695,-4.182,0.9052094858333332,1751.8035
Ghana,2006,5.817,36.187,11.683,17.291,-3.36,0.9151067991666668,2089.118
Ghana,2007,4.074,34.605,10.729,21.061,-5.9,0.932619195,1983.43969795589
Ghana,2008,9.003,37.737,16.505,23.186,-8.241,1.052275,1769.35831868215
Ghana,2009,5.681,36.036,13.139,25.39,-3.767,1.404966666666667,2930.8
Ghana,2010,7.778,45.718,6.698,32.924,-6.094,1.429983333333334,4314.58
Ghana,2011,13.955,23.201,7.676,31.221,-6.604,1.520625,5052.775
Ghana,2012,8.422,31.185,7.072,35.473,-8.8,1.824866666666667,4969.0041
Ghana,2013,7.241,24.772,11.666,42.93,-9.076,1.98135,4882.56180543182
Ghana,2014,2.856,27.165,15.486,50.111,-6.757,2.896575,4910.3802599412
Ghana,2015,2.121,27.71,17.153,53.896,-5.711,3.714641666666668,5203.28400655176
Ghana,2016,3.373,25.456,17.455,55.942,-5.06,3.909816666666668,5248.84987233703
Ghana,2017,8.129,19.566,12.372,56.984,-3.316,4.350533333333332,6414.95207028331
Ghana,2018,6.2,21.709,9.837,61.976,-3.037,4.585325,5766.30420895851
Ghana,2019,6.508,18.647,7.208,58.344,-2.232,5.217366666666668,6979.86535610351
Ghana,2020,0.514,18.224,9.918,72.337,-2.534,5.595708333333332,7191.70321767647
Ghana,2021,5.076,17.037,9.976,79.179,-2.713,5.8057,8296.47379762741
Ghana,2022,3.818,15.522,31.921,85.743,-2.302,8.2724,4433.21316241255
Ghana,2023,3.128,9.9,39.21,76.37,-1.601,11.02040833333333,2916.07406011953
Ghana,2024,5.685,9.957,22.875,70.508,1.596,14.18194166666667,4349.52721239456
Morocco,2000,1.593,21.846,1.832,64.86,-3.411,10.62563616666667,4612.0
Morocco,2001,7.552,23.115,0.643,60.435,1.865,11.302975,8262.0
Morocco,2002,3.316,22.723,2.81,59.372,3.231,11.02058333333334,9914.515
Morocco,2003,6.317,24.538,1.118,56.929,2.825,9.574383333333332,13634.097
Morocco,2004,4.802,26.256,1.474,54.431,1.495,8.868016666666666,16107.0
Morocco,2005,2.978,25.363,1.09,54.767,1.577,8.865008333333336,16008.0
Morocco,2006,7.76,25.957,3.234,50.642,1.901,8.795583333333331,20182.11
Morocco,2007,2.706,31.352,1.972,47.066,-0.059,8.192333333333332,23980.0
Morocco,2008,5.923,37.226,3.754,41.991,-4.632,7.750325,21976.0
Morocco,2009,4.244,33.057,-0.219,42.622,-4.923,8.057100000000002,21923.6
Morocco,2010,3.816,32.191,0.989,45.276,-4.042,8.417158333333331,21862.231582119
Morocco,2011,5.246,34.074,0.979,48.555,-7.279,8.089875,18357.8193720188
Morocco,2012,3.01,32.651,1.293,52.282,-8.789,8.628444583333332,15415.576400785
Morocco,2013,4.535,32.919,1.809,57.076,-6.806,8.405503916744301,17457.7235844858
Morocco,2014,2.669,30.511,0.522,58.564,-5.514,8.406336688261518,18505.4376429837
Morocco,2015,4.345,29.994,1.559,58.394,-1.961,9.764348279501109,21136.2511407684
Morocco,2016,0.521,31.747,1.535,60.084,-3.75,9.807476031502501,23347.2317440392
Morocco,2017,5.058,31.456,0.806,60.261,-3.163,9.6919978888289,24285.6107295096
Morocco,2018,3.066,31.941,1.6,60.458,-4.883,9.386102420919721,22591.6043237039
Morocco,2019,2.891,30.421,0.197,60.27,-3.421,9.617076099507436,24382.5885415659
Morocco,2020,-7.178,28.62,0.688,72.245,-1.166,9.496847322219688,33697.8966299299
Morocco,2021,8.155,30.513,1.366,69.351,-2.344,8.988484024141382,32100.1528181609
Morocco,2022,1.527,30.126,6.641,71.532,-3.557,10.16066024303594,28915.941787626
Morocco,2023,3.403,28.661,6.137,69.475,-0.618,10.13142609708972,32693.9249507425
Morocco,2024,3.186,28.983,0.935,70.028,-1.45,9.94235921679198,33062.9198843345
Nigeria,2000,5.518,14.361,6.938,57.6,10.951,101.6973333333333,9910.4
Nigeria,2001,6.667,15.14,18.869,53.097,3.388,111.23125,10455.8
Nigeria,2002,14.604,20.072,12.883,43.266,1.152,120.5781583333334,7331.0
Nigeria,2003,9.503,17.546,14.033,42.085,3.294,129.22235,7128.0
Nigeria,2004,10.442,16.553,15.001,35.488,12.92,132.888025,16955.0
Nigeria,2005,7.008,15.576,17.856,18.94,21.533,131.2743333333334,28279.0
Nigeria,2006,6.726,16.268,8.218,9.404,16.391,128.6516666666667,42297.67
Nigeria,2007,7.318,18.654,5.401,8.116,10.381,125.8081083333334,51332.28
Nigeria,2008,7.199,15.611,11.583,7.276,8.69,118.5666666666667,52999.17
Nigeria,2009,8.353,19.418,12.542,8.617,4.586,148.88,40002.5
Nigeria,2010,11.259,17.291,13.735,9.393,3.505,150.2975,29759.37
Nigeria,2011,4.887,16.212,10.834,17.431,2.54,153.8625,30067.91
Nigeria,2012,4.279,14.908,12.246,17.577,3.719,157.5,41255.82
Nigeria,2013,5.394,14.904,8.463,18.289,3.65,157.3116666666667,40267.57
Nigeria,2014,6.31,15.803,8.052,18.156,0.157,158.5526416666667,31814.57
Nigeria,2015,2.653,15.49,9.009,21.024,-3.123,192.4403333333333,25961.77
Nigeria,2016,-1.617,15.367,15.697,24.469,1.254,253.492,24980.96
Nigeria,2017,0.806,15.474,16.502,25.355,3.61,305.7901091600048,37223.13033837
Nigeria,2018,1.923,19.814,12.095,28.695,1.727,306.0836882452342,40509.78826556
Nigeria,2019,2.208,25.416,11.396,30.192,-2.884,306.9209514952225,36020.694
Nigeria,2020,-1.794,27.497,13.246,35.625,-3.698,358.8107972582972,34355.33269
Nigeria,2021,3.647,33.835,16.953,36.789,-0.738,401.152029220779,34913.18636334
Nigeria,2022,3.252,32.96,18.847,40.435,0.214,425.979158066857,30332.61864061
Nigeria,2023,2.86,30.633,24.66,48.673,1.655,645.1940678832015,27410.70204816
Nigeria,2024,3.426,30.583,33.242,52.9,9.144,1478.965197400233,34241.6794688
