Country,Year,Variable,Value
France,2000,GDP_Growth,4.364
France,2000,Capital_Formation,21.858
France,2000,Inflation,1.815
France,2000,Government_Debt,59.721
France,2000,Trade_Balance,1.103
Germany,2000,GDP_Growth,2.881
Germany,2000,Capital_Formation,23.964
Germany,2000,Inflation,1.413
Germany,2000,Government_Debt,59.239
Germany,2000,Trade_Balance,-1.524
France,2001,GDP_Growth,1.846
France,2001,Capital_Formation,21.515
France,2001,Inflation,1.784
France,2001,Government_Debt,59.324
France,2001,Trade_Balance,1.583
Germany,2001,GDP_Growth,1.633
Germany,2001,Capital_Formation,22.765
Germany,2001,Inflation,1.9
Germany,2001,Government_Debt,58.062
Germany,2001,Trade_Balance,-0.173
France,2002,GDP_Growth,1.12
France,2002,Capital_Formation,20.7
France,2002,Inflation,1.937
France,2002,Government_Debt,61.255
France,2002,Trade_Balance,1.155
Germany,2002,GDP_Growth,-0.229
Germany,2002,Capital_Formation,20.152
Germany,2002,Inflation,1.326
Germany,2002,Government_Debt,59.823
Germany,2002,Trade_Balance,1.954
France,2003,GDP_Growth,0.994
France,2003,Capital_Formation,20.651
France,2003,Inflation,2.172
France,2003,Government_Debt,65.363
France,2003,Trade_Balance,0.84
Germany,2003,GDP_Growth,-0.536
Germany,2003,Capital_Formation,19.577
Germany,2003,Inflation,1.074
Germany,2003,Government_Debt,63.344
Germany,2003,Trade_Balance,1.499
France,2004,GDP_Growth,2.519
France,2004,Capital_Formation,21.364
France,2004,Inflation,2.335
France,2004,Government_Debt,66.877
France,2004,Trade_Balance,0.535
Germany,2004,GDP_Growth,1.171
Germany,2004,Capital_Formation,19.021
Germany,2004,Inflation,1.78
Germany,2004,Government_Debt,64.965
Germany,2004,Trade_Balance,4.514
France,2005,GDP_Growth,1.988
France,2005,Capital_Formation,21.911
France,2005,Inflation,1.888
France,2005,Government_Debt,68.188
France,2005,Trade_Balance,0.104
Germany,2005,GDP_Growth,0.883
Germany,2005,Capital_Formation,18.736
Germany,2005,Inflation,1.928
Germany,2005,Government_Debt,67.12
Germany,2005,Trade_Balance,4.651
France,2006,GDP_Growth,2.929
France,2006,Capital_Formation,22.685
France,2006,Inflation,1.892
France,2006,Government_Debt,65.4
France,2006,Trade_Balance,0.254
Germany,2006,GDP_Growth,3.862
Germany,2006,Capital_Formation,19.898
Germany,2006,Inflation,1.775
Germany,2006,Government_Debt,66.397
Germany,2006,Trade_Balance,5.81
France,2007,GDP_Growth,2.486
France,2007,Capital_Formation,23.569
France,2007,Inflation,1.605
France,2007,Government_Debt,65.479
France,2007,Trade_Balance,-0.102
Germany,2007,GDP_Growth,2.887
Germany,2007,Capital_Formation,20.787
Germany,2007,Inflation,2.271
Germany,2007,Government_Debt,63.687
Germany,2007,Trade_Balance,6.672
France,2008,GDP_Growth,0.265
France,2008,Capital_Formation,23.467
France,2008,Inflation,3.161
France,2008,Government_Debt,69.819
France,2008,Trade_Balance,-0.697
Germany,2008,GDP_Growth,0.91
Germany,2008,Capital_Formation,20.899
Germany,2008,Inflation,2.754
Germany,2008,Government_Debt,65.16
Germany,2008,Trade_Balance,5.6
France,2009,GDP_Growth,-2.732
France,2009,Capital_Formation,20.718
France,2009,Inflation,0.102
France,2009,Government_Debt,84.057
France,2009,Trade_Balance,-0.55
Germany,2009,GDP_Growth,-5.548
Germany,2009,Capital_Formation,18.036
Germany,2009,Inflation,0.246
Germany,2009,Government_Debt,72.336
Germany,2009,Trade_Balance,5.803
France,2010,GDP_Growth,1.843
France,2010,Capital_Formation,21.338
France,2010,Inflation,1.738
France,2010,Government_Debt,86.279
France,2010,Trade_Balance,-0.629
Germany,2010,GDP_Growth,4.147
Germany,2010,Capital_Formation,19.556
Germany,2010,Inflation,1.119
Germany,2010,Government_Debt,81.009
Germany,2010,Trade_Balance,5.742
France,2011,GDP_Growth,2.485
France,2011,Capital_Formation,22.5
France,2011,Inflation,2.287
France,2011,Government_Debt,88.748
France,2011,Trade_Balance,-0.858
Germany,2011,GDP_Growth,3.764
Germany,2011,Capital_Formation,21.293
Germany,2011,Inflation,2.482
Germany,2011,Government_Debt,78.458
Germany,2011,Trade_Balance,6.29
France,2012,GDP_Growth,0.221
France,2012,Capital_Formation,21.83
France,2012,Inflation,2.217
France,2012,Government_Debt,91.74
France,2012,Trade_Balance,-2.132
Germany,2012,GDP_Growth,0.469
Germany,2012,Capital_Formation,19.504
Germany,2012,Inflation,2.159
Germany,2012,Government_Debt,79.804
Germany,2012,Trade_Balance,7.188
France,2013,GDP_Growth,0.915
France,2013,Capital_Formation,21.52
France,2013,Inflation,0.989
France,2013,Government_Debt,94.546
France,2013,Trade_Balance,-0.609
Germany,2013,GDP_Growth,0.386
Germany,2013,Capital_Formation,19.811
Germany,2013,Inflation,1.607
Germany,2013,Government_Debt,77.435
Germany,2013,Trade_Balance,6.708
France,2014,GDP_Growth,1.02
France,2014,Capital_Formation,21.837
France,2014,Inflation,0.611
France,2014,Government_Debt,96.14
France,2014,Trade_Balance,-0.913
Germany,2014,GDP_Growth,2.172
Germany,2014,Capital_Formation,20.158
Germany,2014,Inflation,0.769
Germany,2014,Government_Debt,74.52
Germany,2014,Trade_Balance,7.233
France,2015,GDP_Growth,0.986
France,2015,Capital_Formation,21.717
France,2015,Inflation,0.089
France,2015,Government_Debt,96.943
France,2015,Trade_Balance,-0.325
Germany,2015,GDP_Growth,1.656
Germany,2015,Capital_Formation,19.462
Germany,2015,Inflation,0.68
Germany,2015,Government_Debt,71.216
Germany,2015,Trade_Balance,8.105
France,2016,GDP_Growth,0.728
France,2016,Capital_Formation,21.598
France,2016,Inflation,0.307
France,2016,Government_Debt,98.126
France,2016,Trade_Balance,-0.528
Germany,2016,GDP_Growth,2.289
Germany,2016,Capital_Formation,19.735
Germany,2016,Inflation,0.367
Germany,2016,Government_Debt,68.282
Germany,2016,Trade_Balance,8.907
France,2017,GDP_Growth,2.286
France,2017,Capital_Formation,22.181
France,2017,Inflation,1.166
France,2017,Government_Debt,98.722
France,2017,Trade_Balance,-0.547
Germany,2017,GDP_Growth,2.713
Germany,2017,Capital_Formation,20.513
Germany,2017,Inflation,1.702
Germany,2017,Government_Debt,64.026
Germany,2017,Trade_Balance,8.067
France,2018,GDP_Growth,1.587
France,2018,Capital_Formation,22.612
France,2018,Inflation,2.099
France,2018,Government_Debt,98.49
France,2018,Trade_Balance,-0.698
Germany,2018,GDP_Growth,1.116
Germany,2018,Capital_Formation,21.471
Germany,2018,Inflation,1.935
Germany,2018,Government_Debt,60.809
Germany,2018,Trade_Balance,8.428
France,2019,GDP_Growth,2.076
France,2019,Capital_Formation,23.025
France,2019,Inflation,1.298
France,2019,Government_Debt,98.104
France,2019,Trade_Balance,0.597
Germany,2019,GDP_Growth,0.993
Germany,2019,Capital_Formation,21.3
Germany,2019,Inflation,1.354
Germany,2019,Government_Debt,58.701
Germany,2019,Trade_Balance,7.878
France,2020,GDP_Growth,-7.593
France,2020,Capital_Formation,22.804
France,2020,Inflation,0.527
France,2020,Government_Debt,114.831
France,2020,Trade_Balance,-2.053
Germany,2020,GDP_Growth,-4.1
Germany,2020,Capital_Formation,21.667
Germany,2020,Inflation,0.371
Germany,2020,Government_Debt,68.035
Germany,2020,Trade_Balance,6.32
France,2021,GDP_Growth,6.827
France,2021,Capital_Formation,23.447
France,2021,Inflation,2.066
France,2021,Government_Debt,112.703
France,2021,Trade_Balance,0.277
Germany,2021,GDP_Growth,3.67
Germany,2021,Capital_Formation,22.461
Germany,2021,Inflation,3.212
Germany,2021,Government_Debt,68.077
Germany,2021,Trade_Balance,6.92
France,2022,GDP_Growth,2.624
France,2022,Capital_Formation,24.202
France,2022,Inflation,5.904
France,2022,Government_Debt,111.286
France,2022,Trade_Balance,-1.172
Germany,2022,GDP_Growth,1.367
Germany,2022,Capital_Formation,23.021
Germany,2022,Inflation,8.666
Germany,2022,Government_Debt,64.997
Germany,2022,Trade_Balance,3.845
France,2023,GDP_Growth,1.116
France,2023,Capital_Formation,23.122
France,2023,Inflation,5.663
France,2023,Government_Debt,109.733
France,2023,Trade_Balance,-0.995
Germany,2023,GDP_Growth,-0.264
Germany,2023,Capital_Formation,21.673
Germany,2023,Inflation,6.03
Germany,2023,Government_Debt,62.878
Germany,2023,Trade_Balance,5.562
France,2024,GDP_Growth,1.067
France,2024,Capital_Formation,23.718
France,2024,Inflation,2.317
France,2024,Government_Debt,113.105
France,2024,Trade_Balance,0.396
Germany,2024,GDP_Growth,-0.232
Germany,2024,Capital_Formation,21.048
Germany,2024,Inflation,2.489
Germany,2024,Government_Debt,63.888
Germany,2024,Trade_Balance,5.729
Angola,2000,GDP_Growth,3.055
Angola,2000,Capital_Formation,30.66
Angola,2000,Inflation,325.029
Angola,2000,Government_Debt,118.243
Angola,2000,Trade_Balance,6.291
DRC,2000,GDP_Growth,-8.136
DRC,2000,Capital_Formation,5.966
DRC,2000,Inflation,550.0
DRC,2000,Government_Debt,134.982
DRC,2000,Trade_Balance,1.027
Ghana,2000,GDP_Growth,3.596
Ghana,2000,Capital_Formation,32.184
Ghana,2000,Inflation,25.113
Ghana,2000,Government_Debt,74.463
Ghana,2000,Trade_Balance,-3.13
Nigeria,2000,GDP_Growth,5.518
Nigeria,2000,Capital_Formation,14.361
Nigeria,2000,Inflation,6.938
Nigeria,2000,Government_Debt,57.6
Nigeria,2000,Trade_Balance,10.951
Angola,2001,GDP_Growth,4.206
Angola,2001,Capital_Formation,30.66
Angola,2001,Inflation,152.586
Angola,2001,Government_Debt,100.221
Angola,2001,Trade_Balance,-11.56
DRC,2001,GDP_Growth,-2.1
DRC,2001,Capital_Formation,5.127
DRC,2001,Inflation,357.28
DRC,2001,Government_Debt,185.411
DRC,2001,Trade_Balance,3.808
Ghana,2001,GDP_Growth,3.828
Ghana,2001,Capital_Formation,32.826
Ghana,2001,Inflation,32.932
Ghana,2001,Government_Debt,57.769
Ghana,2001,Trade_Balance,-3.26
Nigeria,2001,GDP_Growth,6.667
Nigeria,2001,Capital_Formation,15.14
Nigeria,2001,Inflation,18.869
Nigeria,2001,Government_Debt,53.097
Nigeria,2001,Trade_Balance,3.388
Angola,2002,GDP_Growth,13.666
Angola,2002,Capital_Formation,30.66
Angola,2002,Inflation,108.893
Angola,2002,Government_Debt,65.107
Angola,2002,Trade_Balance,-0.867
DRC,2002,GDP_Growth,2.948
DRC,2002,Capital_Formation,5.247
DRC,2002,Inflation,25.316
DRC,2002,Government_Debt,136.042
DRC,2002,Trade_Balance,4.797
Ghana,2002,GDP_Growth,4.617
Ghana,2002,Capital_Formation,26.946
Ghana,2002,Inflation,14.846
Ghana,2002,Government_Debt,54.061
Ghana,2002,Trade_Balance,-0.691
Nigeria,2002,GDP_Growth,14.604
Nigeria,2002,Capital_Formation,20.072
Nigeria,2002,Inflation,12.883
Nigeria,2002,Government_Debt,43.266
Nigeria,2002,Trade_Balance,1.152
Angola,2003,GDP_Growth,3.49
Angola,2003,Capital_Formation,31.227
Angola,2003,Inflation,98.219
Angola,2003,Government_Debt,50.76
Angola,2003,Trade_Balance,-3.537
DRC,2003,GDP_Growth,6.633
DRC,2003,Capital_Formation,9.989
DRC,2003,Inflation,12.817
DRC,2003,Government_Debt,114.464
DRC,2003,Trade_Balance,5.32
Ghana,2003,GDP_Growth,5.112
Ghana,2003,Capital_Formation,30.309
Ghana,2003,Inflation,26.626
Ghana,2003,Government_Debt,49.299
Ghana,2003,Trade_Balance,0.541
Nigeria,2003,GDP_Growth,9.503
Nigeria,2003,Capital_Formation,17.546
Nigeria,2003,Inflation,14.033
Nigeria,2003,Government_Debt,42.085
Nigeria,2003,Trade_Balance,3.294
Angola,2004,GDP_Growth,11.42
Angola,2004,Capital_Formation,31.18
Angola,2004,Inflation,43.525
Angola,2004,Government_Debt,41.627
Angola,2004,Trade_Balance,2.523
DRC,2004,GDP_Growth,7.661
DRC,2004,Capital_Formation,10.124
DRC,2004,Inflation,4.001
DRC,2004,Government_Debt,164.086
DRC,2004,Trade_Balance,2.042
Ghana,2004,GDP_Growth,5.404
Ghana,2004,Capital_Formation,38.654
Ghana,2004,Inflation,12.666
Ghana,2004,Government_Debt,38.364
Ghana,2004,Trade_Balance,-2.713
Nigeria,2004,GDP_Growth,10.442
Nigeria,2004,Capital_Formation,16.553
Nigeria,2004,Inflation,15.001
Nigeria,2004,Government_Debt,35.488
Nigeria,2004,Trade_Balance,12.92
Angola,2005,GDP_Growth,14.15
Angola,2005,Capital_Formation,27.321
Angola,2005,Inflation,22.961
Angola,2005,Government_Debt,29.886
Angola,2005,Trade_Balance,12.411
DRC,2005,GDP_Growth,9.804
DRC,2005,Capital_Formation,17.038
DRC,2005,Inflation,21.545
DRC,2005,Government_Debt,111.998
DRC,2005,Trade_Balance,0.992
Ghana,2005,GDP_Growth,6.23
Ghana,2005,Capital_Formation,39.845
Ghana,2005,Inflation,15.095
Ghana,2005,Government_Debt,31.695
Ghana,2005,Trade_Balance,-4.182
Nigeria,2005,GDP_Growth,7.008
Nigeria,2005,Capital_Formation,15.576
Nigeria,2005,Inflation,17.856
Nigeria,2005,Government_Debt,18.94
Nigeria,2005,Trade_Balance,21.533
Angola,2006,GDP_Growth,11.84
Angola,2006,Capital_Formation,24.654
Angola,2006,Inflation,13.305
Angola,2006,Government_Debt,16.726
Angola,2006,Trade_Balance,18.225
DRC,2006,GDP_Growth,5.109
DRC,2006,Capital_Formation,6.478
DRC,2006,Inflation,12.845
DRC,2006,Government_Debt,107.549
DRC,2006,Trade_Balance,0.334
Ghana,2006,GDP_Growth,5.817
Ghana,2006,Capital_Formation,36.187
Ghana,2006,Inflation,11.683
Ghana,2006,Government_Debt,17.291
Ghana,2006,Trade_Balance,-3.36
Nigeria,2006,GDP_Growth,6.726
Nigeria,2006,Capital_Formation,16.268
Nigeria,2006,Inflation,8.218
Nigeria,2006,Government_Debt,9.404
Nigeria,2006,Trade_Balance,16.391
Angola,2007,GDP_Growth,13.0
Angola,2007,Capital_Formation,26.305
Angola,2007,Inflation,12.249
Angola,2007,Government_Debt,18.804
Angola,2007,Trade_Balance,14.487
DRC,2007,GDP_Growth,8.53
DRC,2007,Capital_Formation,5.864
DRC,2007,Inflation,16.672
DRC,2007,Government_Debt,85.089
DRC,2007,Trade_Balance,2.83
Ghana,2007,GDP_Growth,4.074
Ghana,2007,Capital_Formation,34.605
Ghana,2007,Inflation,10.729
Ghana,2007,Government_Debt,21.061
Ghana,2007,Trade_Balance,-5.9
Nigeria,2007,GDP_Growth,7.318
Nigeria,2007,Capital_Formation,18.654
Nigeria,2007,Inflation,5.401
Nigeria,2007,Government_Debt,8.116
Nigeria,2007,Trade_Balance,10.381
Angola,2008,GDP_Growth,10.79
Angola,2008,Capital_Formation,32.388
Angola,2008,Inflation,12.465
Angola,2008,Government_Debt,28.122
Angola,2008,Trade_Balance,7.282
DRC,2008,GDP_Growth,7.402
DRC,2008,Capital_Formation,4.619
DRC,2008,Inflation,17.966
DRC,2008,Government_Debt,80.301
DRC,2008,Trade_Balance,-0.622
Ghana,2008,GDP_Growth,9.003
Ghana,2008,Capital_Formation,37.737
Ghana,2008,Inflation,16.505
Ghana,2008,Government_Debt,23.186
Ghana,2008,Trade_Balance,-8.241
Nigeria,2008,GDP_Growth,7.199
Nigeria,2008,Capital_Formation,15.611
Nigeria,2008,Inflation,11.583
Nigeria,2008,Government_Debt,7.276
Nigeria,2008,Trade_Balance,8.69
Angola,2009,GDP_Growth,2.0
Angola,2009,Capital_Formation,42.849
Angola,2009,Inflation,13.721
Angola,2009,Government_Debt,48.448
Angola,2009,Trade_Balance,-9.267
DRC,2009,GDP_Growth,0.565
DRC,2009,Capital_Formation,11.655
DRC,2009,Inflation,46.101
DRC,2009,Government_Debt,91.617
DRC,2009,Trade_Balance,-5.915
Ghana,2009,GDP_Growth,5.681
Ghana,2009,Capital_Formation,36.036
Ghana,2009,Inflation,13.139
Ghana,2009,Government_Debt,25.39
Ghana,2009,Trade_Balance,-3.767
Nigeria,2009,GDP_Growth,8.353
Nigeria,2009,Capital_Formation,19.418
Nigeria,2009,Inflation,12.542
Nigeria,2009,Government_Debt,8.617
Nigeria,2009,Trade_Balance,4.586
Angola,2010,GDP_Growth,5.29
Angola,2010,Capital_Formation,28.158
Angola,2010,Inflation,14.48
Angola,2010,Government_Debt,32.594
Angola,2010,Trade_Balance,7.856
DRC,2010,GDP_Growth,7.843
DRC,2010,Capital_Formation,27.671
DRC,2010,Inflation,23.461
DRC,2010,Government_Debt,31.796
DRC,2010,Trade_Balance,-9.719
Ghana,2010,GDP_Growth,7.778
Ghana,2010,Capital_Formation,45.718
Ghana,2010,Inflation,6.698
Ghana,2010,Government_Debt,32.924
Ghana,2010,Trade_Balance,-6.094
Nigeria,2010,GDP_Growth,11.259
Nigeria,2010,Capital_Formation,17.291
Nigeria,2010,Inflation,13.735
Nigeria,2010,Government_Debt,9.393
Nigeria,2010,Trade_Balance,3.505
Angola,2011,GDP_Growth,3.59
Angola,2011,Capital_Formation,26.456
Angola,2011,Inflation,13.484
Angola,2011,Government_Debt,26.318
Angola,2011,Trade_Balance,10.422
DRC,2011,GDP_Growth,7.593
DRC,2011,Capital_Formation,20.745
DRC,2011,Inflation,14.95
DRC,2011,Government_Debt,29.321
DRC,2011,Trade_Balance,-4.852
Ghana,2011,GDP_Growth,13.955
Ghana,2011,Capital_Formation,23.201
Ghana,2011,Inflation,7.676
Ghana,2011,Government_Debt,31.221
Ghana,2011,Trade_Balance,-6.604
Nigeria,2011,GDP_Growth,4.887
Nigeria,2011,Capital_Formation,16.212
Nigeria,2011,Inflation,10.834
Nigeria,2011,Government_Debt,17.431
Nigeria,2011,Trade_Balance,2.54
Angola,2012,GDP_Growth,8.5
Angola,2012,Capital_Formation,26.654
Angola,2012,Inflation,10.285
Angola,2012,Government_Debt,23.805
Angola,2012,Trade_Balance,9.649
DRC,2012,GDP_Growth,8.669
DRC,2012,Capital_Formation,12.282
DRC,2012,Inflation,0.857
DRC,2012,Government_Debt,25.128
DRC,2012,Trade_Balance,-4.198
Ghana,2012,GDP_Growth,8.422
Ghana,2012,Capital_Formation,31.185
Ghana,2012,Inflation,7.072
Ghana,2012,Government_Debt,35.473
Ghana,2012,Trade_Balance,-8.8
Nigeria,2012,GDP_Growth,4.279
Nigeria,2012,Capital_Formation,14.908
Nigeria,2012,Inflation,12.246
Nigeria,2012,Government_Debt,17.577
Nigeria,2012,Trade_Balance,3.719
Angola,2013,GDP_Growth,4.88
Angola,2013,Capital_Formation,26.127
Angola,2013,Inflation,8.782
Angola,2013,Government_Debt,29.473
Angola,2013,Trade_Balance,5.429
DRC,2013,GDP_Growth,9.624
DRC,2013,Capital_Formation,14.55
DRC,2013,Inflation,0.876
DRC,2013,Government_Debt,23.828
DRC,2013,Trade_Balance,-8.908
Ghana,2013,GDP_Growth,7.241
Ghana,2013,Capital_Formation,24.772
Ghana,2013,Inflation,11.666
Ghana,2013,Government_Debt,42.93
Ghana,2013,Trade_Balance,-9.076
Nigeria,2013,GDP_Growth,5.394
Nigeria,2013,Capital_Formation,14.904
Nigeria,2013,Inflation,8.463
Nigeria,2013,Government_Debt,18.289
Nigeria,2013,Trade_Balance,3.65
Angola,2014,GDP_Growth,4.66
Angola,2014,Capital_Formation,27.522
Angola,2014,Inflation,7.298
Angola,2014,Government_Debt,35.274
Angola,2014,Trade_Balance,-2.279
DRC,2014,GDP_Growth,7.302
DRC,2014,Capital_Formation,15.778
DRC,2014,Inflation,1.24
DRC,2014,Government_Debt,22.774
DRC,2014,Trade_Balance,-4.492
Ghana,2014,GDP_Growth,2.856
Ghana,2014,Capital_Formation,27.165
Ghana,2014,Inflation,15.486
Ghana,2014,Government_Debt,50.111
Ghana,2014,Trade_Balance,-6.757
Nigeria,2014,GDP_Growth,6.31
Nigeria,2014,Capital_Formation,15.803
Nigeria,2014,Inflation,8.052
Nigeria,2014,Government_Debt,18.156
Nigeria,2014,Trade_Balance,0.157
Angola,2015,GDP_Growth,0.76
Angola,2015,Capital_Formation,34.63
Angola,2015,Inflation,9.159
Angola,2015,Government_Debt,50.386
Angola,2015,Trade_Balance,-7.802
DRC,2015,GDP_Growth,6.36
DRC,2015,Capital_Formation,16.561
DRC,2015,Inflation,0.738
DRC,2015,Government_Debt,25.483
DRC,2015,Trade_Balance,-3.69
Ghana,2015,GDP_Growth,2.121
Ghana,2015,Capital_Formation,27.71
Ghana,2015,Inflation,17.153
Ghana,2015,Government_Debt,53.896
Ghana,2015,Trade_Balance,-5.711
Nigeria,2015,GDP_Growth,2.653
Nigeria,2015,Capital_Formation,15.49
Nigeria,2015,Inflation,9.009
Nigeria,2015,Government_Debt,21.024
Nigeria,2015,Trade_Balance,-3.123
Angola,2016,GDP_Growth,-1.7
Angola,2016,Capital_Formation,28.216
Angola,2016,Inflation,30.694
Angola,2016,Government_Debt,66.67
Angola,2016,Trade_Balance,-2.688
DRC,2016,GDP_Growth,0.394
DRC,2016,Capital_Formation,12.188
DRC,2016,Inflation,3.193
DRC,2016,Government_Debt,32.979
DRC,2016,Trade_Balance,-3.871
Ghana,2016,GDP_Growth,3.373
Ghana,2016,Capital_Formation,25.456
Ghana,2016,Inflation,17.455
Ghana,2016,Government_Debt,55.942
Ghana,2016,Trade_Balance,-5.06
Nigeria,2016,GDP_Growth,-1.617
Nigeria,2016,Capital_Formation,15.367
Nigeria,2016,Inflation,15.697
Nigeria,2016,Government_Debt,24.469
Nigeria,2016,Trade_Balance,1.254
Angola,2017,GDP_Growth,-0.14
Angola,2017,Capital_Formation,32.769
Angola,2017,Inflation,29.844
Angola,2017,Government_Debt,60.492
Angola,2017,Trade_Balance,-0.453
DRC,2017,GDP_Growth,3.658
DRC,2017,Capital_Formation,12.375
DRC,2017,Inflation,35.734
DRC,2017,Government_Debt,23.18
DRC,2017,Trade_Balance,-3.146
Ghana,2017,GDP_Growth,8.129
Ghana,2017,Capital_Formation,19.566
Ghana,2017,Inflation,12.372
Ghana,2017,Government_Debt,56.984
Ghana,2017,Trade_Balance,-3.316
Nigeria,2017,GDP_Growth,0.806
Nigeria,2017,Capital_Formation,15.474
Nigeria,2017,Inflation,16.502
Nigeria,2017,Government_Debt,25.355
Nigeria,2017,Trade_Balance,3.61
Angola,2018,GDP_Growth,-0.59
Angola,2018,Capital_Formation,30.8
Angola,2018,Inflation,19.629
Angola,2018,Government_Debt,82.541
Angola,2018,Trade_Balance,6.483
DRC,2018,GDP_Growth,4.825
DRC,2018,Capital_Formation,12.467
DRC,2018,Inflation,29.266
DRC,2018,Government_Debt,19.288
DRC,2018,Trade_Balance,-3.481
Ghana,2018,GDP_Growth,6.2
Ghana,2018,Capital_Formation,21.709
Ghana,2018,Inflation,9.837
Ghana,2018,Government_Debt,61.976
Ghana,2018,Trade_Balance,-3.037
Nigeria,2018,GDP_Growth,1.923
Nigeria,2018,Capital_Formation,19.814
Nigeria,2018,Inflation,12.095
Nigeria,2018,Government_Debt,28.695
Nigeria,2018,Trade_Balance,1.727
Angola,2019,GDP_Growth,-0.2
Angola,2019,Capital_Formation,30.851
Angola,2019,Inflation,17.079
Angola,2019,Government_Debt,101.373
Angola,2019,Trade_Balance,5.427
DRC,2019,GDP_Growth,4.485
DRC,2019,Capital_Formation,13.359
DRC,2019,Inflation,4.705
DRC,2019,Government_Debt,19.393
DRC,2019,Trade_Balance,-3.184
Ghana,2019,GDP_Growth,6.508
Ghana,2019,Capital_Formation,18.647
Ghana,2019,Inflation,7.208
Ghana,2019,Government_Debt,58.344
Ghana,2019,Trade_Balance,-2.232
Nigeria,2019,GDP_Growth,2.208
Nigeria,2019,Capital_Formation,25.416
Nigeria,2019,Inflation,11.396
Nigeria,2019,Government_Debt,30.192
Nigeria,2019,Trade_Balance,-2.884
Angola,2020,GDP_Growth,-4.04
Angola,2020,Capital_Formation,35.878
Angola,2020,Inflation,22.277
Angola,2020,Government_Debt,119.145
Angola,2020,Trade_Balance,1.311
DRC,2020,GDP_Growth,1.671
DRC,2020,Capital_Formation,11.616
DRC,2020,Inflation,11.358
DRC,2020,Government_Debt,24.856
DRC,2020,Trade_Balance,-2.121
Ghana,2020,GDP_Growth,0.514
Ghana,2020,Capital_Formation,18.224
Ghana,2020,Inflation,9.918
Ghana,2020,Government_Debt,72.337
Ghana,2020,Trade_Balance,-2.534
Nigeria,2020,GDP_Growth,-1.794
Nigeria,2020,Capital_Formation,27.497
Nigeria,2020,Inflation,13.246
Nigeria,2020,Government_Debt,35.625
Nigeria,2020,Trade_Balance,-3.698
Angola,2021,GDP_Growth,2.1
Angola,2021,Capital_Formation,36.101
Angola,2021,Inflation,25.765
Angola,2021,Government_Debt,74.292
Angola,2021,Trade_Balance,9.955
DRC,2021,GDP_Growth,1.726
DRC,2021,Capital_Formation,14.106
DRC,2021,Inflation,8.989
DRC,2021,Government_Debt,24.685
DRC,2021,Trade_Balance,-1.062
Ghana,2021,GDP_Growth,5.076
Ghana,2021,Capital_Formation,17.037
Ghana,2021,Inflation,9.976
Ghana,2021,Government_Debt,79.179
Ghana,2021,Trade_Balance,-2.713
Nigeria,2021,GDP_Growth,3.647
Nigeria,2021,Capital_Formation,33.835
Nigeria,2021,Inflation,16.953
Nigeria,2021,Government_Debt,36.789
Nigeria,2021,Trade_Balance,-0.738
Angola,2022,GDP_Growth,4.22
Angola,2022,Capital_Formation,33.586
Angola,2022,Inflation,21.36
Angola,2022,Government_Debt,56.108
Angola,2022,Trade_Balance,8.258
DRC,2022,GDP_Growth,9.22
DRC,2022,Capital_Formation,11.984
DRC,2022,Inflation,9.266
DRC,2022,Government_Debt,22.603
DRC,2022,Trade_Balance,-5.114
Ghana,2022,GDP_Growth,3.818
Ghana,2022,Capital_Formation,15.522
Ghana,2022,Inflation,31.921
Ghana,2022,Government_Debt,85.743
Ghana,2022,Trade_Balance,-2.302
Nigeria,2022,GDP_Growth,3.252
Nigeria,2022,Capital_Formation,32.96
Nigeria,2022,Inflation,18.847
Nigeria,2022,Government_Debt,40.435
Nigeria,2022,Trade_Balance,0.214
Angola,2023,GDP_Growth,1.001
Angola,2023,Capital_Formation,34.008
Angola,2023,Inflation,13.639
Angola,2023,Government_Debt,71.385
Angola,2023,Trade_Balance,3.813
DRC,2023,GDP_Growth,8.498
DRC,2023,Capital_Formation,15.834
DRC,2023,Inflation,19.894
DRC,2023,Government_Debt,25.061
DRC,2023,Trade_Balance,-6.495
Ghana,2023,GDP_Growth,3.128
Ghana,2023,Capital_Formation,9.9
Ghana,2023,Inflation,39.21
Ghana,2023,Government_Debt,76.37
Ghana,2023,Trade_Balance,-1.601
Nigeria,2023,GDP_Growth,2.86
Nigeria,2023,Capital_Formation,30.633
Nigeria,2023,Inflation,24.66
Nigeria,2023,Government_Debt,48.673
Nigeria,2023,Trade_Balance,1.655
Angola,2024,GDP_Growth,4.503
Angola,2024,Capital_Formation,33.388
Angola,2024,Inflation,28.232
Angola,2024,Government_Debt,62.501
Angola,2024,Trade_Balance,5.414
DRC,2024,GDP_Growth,6.483
DRC,2024,Capital_Formation,14.208
DRC,2024,Inflation,17.653
DRC,2024,Government_Debt,19.31
DRC,2024,Trade_Balance,-4.075
Ghana,2024,GDP_Growth,5.685
Ghana,2024,Capital_Formation,9.957
Ghana,2024,Inflation,22.875
Ghana,2024,Government_Debt,70.508
Ghana,2024,Trade_Balance,1.596
Nigeria,2024,GDP_Growth,3.426
Nigeria,2024,Capital_Formation,30.583
Nigeria,2024,Inflation,33.242
Nigeria,2024,Government_Debt,52.9
Nigeria,2024,Trade_Balance,9.144
Morocco,2000,GDP_Growth,1.593
Morocco,2000,Capital_Formation,21.846
Morocco,2000,Inflation,1.832
Morocco,2000,Government_Debt,64.86
Morocco,2000,Trade_Balance,-3.411
Morocco,2001,GDP_Growth,7.552
Morocco,2001,Capital_Formation,23.115
Morocco,2001,Inflation,0.643
Morocco,2001,Government_Debt,60.435
Morocco,2001,Trade_Balance,1.865
Morocco,2002,GDP_Growth,3.316
Morocco,2002,Capital_Formation,22.723
Morocco,2002,Inflation,2.81
Morocco,2002,Government_Debt,59.372
Morocco,2002,Trade_Balance,3.231
Morocco,2003,GDP_Growth,6.317
Morocco,2003,Capital_Formation,24.538
Morocco,2003,Inflation,1.118
Morocco,2003,Government_Debt,56.929
Morocco,2003,Trade_Balance,2.825
Morocco,2004,GDP_Growth,4.802
Morocco,2004,Capital_Formation,26.256
Morocco,2004,Inflation,1.474
Morocco,2004,Government_Debt,54.431
Morocco,2004,Trade_Balance,1.495
Morocco,2005,GDP_Growth,2.978
Morocco,2005,Capital_Formation,25.363
Morocco,2005,Inflation,1.09
Morocco,2005,Government_Debt,54.767
Morocco,2005,Trade_Balance,1.577
Morocco,2006,GDP_Growth,7.76
Morocco,2006,Capital_Formation,25.957
Morocco,2006,Inflation,3.234
Morocco,2006,Government_Debt,50.642
Morocco,2006,Trade_Balance,1.901
Morocco,2007,GDP_Growth,2.706
Morocco,2007,Capital_Formation,31.352
Morocco,2007,Inflation,1.972
Morocco,2007,Government_Debt,47.066
Morocco,2007,Trade_Balance,-0.059
Morocco,2008,GDP_Growth,5.923
Morocco,2008,Capital_Formation,37.226
Morocco,2008,Inflation,3.754
Morocco,2008,Government_Debt,41.991
Morocco,2008,Trade_Balance,-4.632
Morocco,2009,GDP_Growth,4.244
Morocco,2009,Capital_Formation,33.057
Morocco,2009,Inflation,-0.219
Morocco,2009,Government_Debt,42.622
Morocco,2009,Trade_Balance,-4.923
Morocco,2010,GDP_Growth,3.816
Morocco,2010,Capital_Formation,32.191
Morocco,2010,Inflation,0.989
Morocco,2010,Government_Debt,45.276
Morocco,2010,Trade_Balance,-4.042
Morocco,2011,GDP_Growth,5.246
Morocco,2011,Capital_Formation,34.074
Morocco,2011,Inflation,0.979
Morocco,2011,Government_Debt,48.555
Morocco,2011,Trade_Balance,-7.279
Morocco,2012,GDP_Growth,3.01
Morocco,2012,Capital_Formation,32.651
Morocco,2012,Inflation,1.293
Morocco,2012,Government_Debt,52.282
Morocco,2012,Trade_Balance,-8.789
Morocco,2013,GDP_Growth,4.535
Morocco,2013,Capital_Formation,32.919
Morocco,2013,Inflation,1.809
Morocco,2013,Government_Debt,57.076
Morocco,2013,Trade_Balance,-6.806
Morocco,2014,GDP_Growth,2.669
Morocco,2014,Capital_Formation,30.511
Morocco,2014,Inflation,0.522
Morocco,2014,Government_Debt,58.564
Morocco,2014,Trade_Balance,-5.514
Morocco,2015,GDP_Growth,4.345
Morocco,2015,Capital_Formation,29.994
Morocco,2015,Inflation,1.559
Morocco,2015,Government_Debt,58.394
Morocco,2015,Trade_Balance,-1.961
Morocco,2016,GDP_Growth,0.521
Morocco,2016,Capital_Formation,31.747
Morocco,2016,Inflation,1.535
Morocco,2016,Government_Debt,60.084
Morocco,2016,Trade_Balance,-3.75
Morocco,2017,GDP_Growth,5.058
Morocco,2017,Capital_Formation,31.456
Morocco,2017,Inflation,0.806
Morocco,2017,Government_Debt,60.261
Morocco,2017,Trade_Balance,-3.163
Morocco,2018,GDP_Growth,3.066
Morocco,2018,Capital_Formation,31.941
Morocco,2018,Inflation,1.6
Morocco,2018,Government_Debt,60.458
Morocco,2018,Trade_Balance,-4.883
Morocco,2019,GDP_Growth,2.891
Morocco,2019,Capital_Formation,30.421
Morocco,2019,Inflation,0.197
Morocco,2019,Government_Debt,60.27
Morocco,2019,Trade_Balance,-3.421
Morocco,2020,GDP_Growth,-7.178
Morocco,2020,Capital_Formation,28.62
Morocco,2020,Inflation,0.688
Morocco,2020,Government_Debt,72.245
Morocco,2020,Trade_Balance,-1.166
Morocco,2021,GDP_Growth,8.155
Morocco,2021,Capital_Formation,30.513
Morocco,2021,Inflation,1.366
Morocco,2021,Government_Debt,69.351
Morocco,2021,Trade_Balance,-2.344
Morocco,2022,GDP_Growth,1.527
Morocco,2022,Capital_Formation,30.126
Morocco,2022,Inflation,6.641
Morocco,2022,Government_Debt,71.532
Morocco,2022,Trade_Balance,-3.557
Morocco,2023,GDP_Growth,3.403
Morocco,2023,Capital_Formation,28.661
Morocco,2023,Inflation,6.137
Morocco,2023,Government_Debt,69.475
Morocco,2023,Trade_Balance,-0.618
Morocco,2024,GDP_Growth,3.186
Morocco,2024,Capital_Formation,28.983
Morocco,2024,Inflation,0.935
Morocco,2024,Government_Debt,70.028
Morocco,2024,Trade_Balance,-1.45
DRC,2000,Exchange_Rate,21.81833332735013
Angola,2000,Exchange_Rate,10.04054416666667
Nigeria,2000,Exchange_Rate,101.6973333333333
Morocco,2000,Exchange_Rate,10.62563616666667
Ghana,2000,Exchange_Rate,0.5449191758687661
DRC,2001,Exchange_Rate,206.6174999433397
Angola,2001,Exchange_Rate,22.05786166666667
Nigeria,2001,Exchange_Rate,111.23125
Morocco,2001,Exchange_Rate,11.302975
Ghana,2001,Exchange_Rate,0.7163051578089955
DRC,2002,Exchange_Rate,346.4849999049842
Angola,2002,Exchange_Rate,43.53020666666668
Nigeria,2002,Exchange_Rate,120.5781583333334
Morocco,2002,Exchange_Rate,11.02058333333334
Ghana,2002,Exchange_Rate,0.7924170843131672
DRC,2003,Exchange_Rate,405.1781832306695
Angola,2003,Exchange_Rate,74.60630083333332
Nigeria,2003,Exchange_Rate,129.22235
Morocco,2003,Exchange_Rate,9.574383333333332
Ghana,2003,Exchange_Rate,0.866764326525345
DRC,2004,Exchange_Rate,399.4757916666665
Angola,2004,Exchange_Rate,83.54136250000002
Nigeria,2004,Exchange_Rate,132.888025
Morocco,2004,Exchange_Rate,8.868016666666666
Ghana,2004,Exchange_Rate,0.8994948540070625
DRC,2005,Exchange_Rate,473.9080083333332
Angola,2005,Exchange_Rate,87.15914166666668
Nigeria,2005,Exchange_Rate,131.2743333333334
Morocco,2005,Exchange_Rate,8.865008333333336
Ghana,2005,Exchange_Rate,0.9052094858333332
DRC,2006,Exchange_Rate,468.278825
Angola,2006,Exchange_Rate,80.36807205555554
Nigeria,2006,Exchange_Rate,128.6516666666667
Morocco,2006,Exchange_Rate,8.795583333333331
Ghana,2006,Exchange_Rate,0.9151067991666668
DRC,2007,Exchange_Rate,516.7498916666665
Angola,2007,Exchange_Rate,76.70614275
Nigeria,2007,Exchange_Rate,125.8081083333334
Morocco,2007,Exchange_Rate,8.192333333333332
Ghana,2007,Exchange_Rate,0.932619195
DRC,2008,Exchange_Rate,559.2925083333332
Angola,2008,Exchange_Rate,75.03335416666668
Nigeria,2008,Exchange_Rate,118.5666666666667
Morocco,2008,Exchange_Rate,7.750325
Ghana,2008,Exchange_Rate,1.052275
DRC,2009,Exchange_Rate,809.7858333333332
Angola,2009,Exchange_Rate,79.32816666666668
Nigeria,2009,Exchange_Rate,148.88
Morocco,2009,Exchange_Rate,8.057100000000002
Ghana,2009,Exchange_Rate,1.404966666666667
DRC,2010,Exchange_Rate,905.9134583333332
Angola,2010,Exchange_Rate,91.9057203405018
Nigeria,2010,Exchange_Rate,150.2975
Morocco,2010,Exchange_Rate,8.417158333333331
Ghana,2010,Exchange_Rate,1.429983333333334
DRC,2011,Exchange_Rate,919.4913000000003
Angola,2011,Exchange_Rate,93.93475000000002
Nigeria,2011,Exchange_Rate,153.8625
Morocco,2011,Exchange_Rate,8.089875
Ghana,2011,Exchange_Rate,1.520625
DRC,2012,Exchange_Rate,919.7550166666668
Angola,2012,Exchange_Rate,95.467955421311
Nigeria,2012,Exchange_Rate,157.5
Morocco,2012,Exchange_Rate,8.628444583333332
Ghana,2012,Exchange_Rate,1.824866666666667
DRC,2013,Exchange_Rate,919.565907354881
Angola,2013,Exchange_Rate,96.51827947915258
Nigeria,2013,Exchange_Rate,157.3116666666667
Morocco,2013,Exchange_Rate,8.405503916744301
Ghana,2013,Exchange_Rate,1.98135
DRC,2014,Exchange_Rate,925.226282531997
Angola,2014,Exchange_Rate,98.3024168556335
Nigeria,2014,Exchange_Rate,158.5526416666667
Morocco,2014,Exchange_Rate,8.406336688261518
Ghana,2014,Exchange_Rate,2.896575
DRC,2015,Exchange_Rate,925.9849612803932
Angola,2015,Exchange_Rate,120.0607016650187
Nigeria,2015,Exchange_Rate,192.4403333333333
Morocco,2015,Exchange_Rate,9.764348279501109
Ghana,2015,Exchange_Rate,3.714641666666668
DRC,2016,Exchange_Rate,1010.302757168656
Angola,2016,Exchange_Rate,163.6564341165789
Nigeria,2016,Exchange_Rate,253.492
Morocco,2016,Exchange_Rate,9.807476031502501
Ghana,2016,Exchange_Rate,3.909816666666668
DRC,2017,Exchange_Rate,1464.417931637428
Angola,2017,Exchange_Rate,165.9159506914978
Nigeria,2017,Exchange_Rate,305.7901091600048
Morocco,2017,Exchange_Rate,9.6919978888289
Ghana,2017,Exchange_Rate,4.350533333333332
DRC,2018,Exchange_Rate,1622.523501622917
Angola,2018,Exchange_Rate,252.855747731297
Nigeria,2018,Exchange_Rate,306.0836882452342
Morocco,2018,Exchange_Rate,9.386102420919721
Ghana,2018,Exchange_Rate,4.585325
DRC,2019,Exchange_Rate,1647.760127276388
Angola,2019,Exchange_Rate,364.8258049808865
Nigeria,2019,Exchange_Rate,306.9209514952225
Morocco,2019,Exchange_Rate,9.617076099507436
Ghana,2019,Exchange_Rate,5.217366666666668
DRC,2020,Exchange_Rate,1851.122161832612
Angola,2020,Exchange_Rate,578.2587802801105
Nigeria,2020,Exchange_Rate,358.8107972582972
Morocco,2020,Exchange_Rate,9.496847322219688
Ghana,2020,Exchange_Rate,5.595708333333332
DRC,2021,Exchange_Rate,1989.391471228276
Angola,2021,Exchange_Rate,631.441955506727
Nigeria,2021,Exchange_Rate,401.152029220779
Morocco,2021,Exchange_Rate,8.988484024141382
Ghana,2021,Exchange_Rate,5.8057
DRC,2022,Exchange_Rate,2006.708219440552
Angola,2022,Exchange_Rate,460.5675116314618
Nigeria,2022,Exchange_Rate,425.979158066857
Morocco,2022,Exchange_Rate,10.16066024303594
Ghana,2022,Exchange_Rate,8.2724
DRC,2023,Exchange_Rate,2340.035704361452
Angola,2023,Exchange_Rate,685.0202377614488
Nigeria,2023,Exchange_Rate,645.1940678832015
Morocco,2023,Exchange_Rate,10.13142609708972
Ghana,2023,Exchange_Rate,11.02040833333333
DRC,2024,Exchange_Rate,
Angola,2024,Exchange_Rate,869.8461895900078
Nigeria,2024,Exchange_Rate,1478.965197400233
Morocco,2024,Exchange_Rate,9.94235921679198
Ghana,2024,Exchange_Rate,14.18194166666667
France,2000,Exchange_Rate,1.082705081326021
France,2001,Exchange_Rate,1.116533085644625
France,2002,Exchange_Rate,1.057558996239648
France,2003,Exchange_Rate,0.88404792718493
France,2004,Exchange_Rate,0.8039216477476178
France,2005,Exchange_Rate,0.803800192161442
France,2006,Exchange_Rate,0.7964327309491023
France,2007,Exchange_Rate,0.729672399984083
France,2008,Exchange_Rate,0.6799226800427289
France,2009,Exchange_Rate,0.7169577020161355
France,2010,Exchange_Rate,0.7543089901059614
France,2011,Exchange_Rate,0.7184138986533171
France,2012,Exchange_Rate,0.7783381204168122
France,2013,Exchange_Rate,0.7529451227019963
France,2014,Exchange_Rate,0.7527281969326028
France,2015,Exchange_Rate,0.9012964233670956
France,2016,Exchange_Rate,0.9034214362572632
France,2017,Exchange_Rate,0.8852055082693724
France,2018,Exchange_Rate,0.8467726671081108
France,2019,Exchange_Rate,0.8932762570674088
France,2020,Exchange_Rate,0.875506396987998
France,2021,Exchange_Rate,0.8454941388904503
France,2022,Exchange_Rate,0.9496237531569408
France,2023,Exchange_Rate,0.9248395584706977
France,2024,Exchange_Rate,0.9238895461176068
Germany,2000,Exchange_Rate,1.082705081326021
Germany,2001,Exchange_Rate,1.116533085644625
Germany,2002,Exchange_Rate,1.057558996239648
Germany,2003,Exchange_Rate,0.88404792718493
Germany,2004,Exchange_Rate,0.8039216477476178
Germany,2005,Exchange_Rate,0.803800192161442
Germany,2006,Exchange_Rate,0.7964327309491023
Germany,2007,Exchange_Rate,0.729672399984083
Germany,2008,Exchange_Rate,0.6799226800427289
Germany,2009,Exchange_Rate,0.7169577020161355
Germany,2010,Exchange_Rate,0.7543089901059614
Germany,2011,Exchange_Rate,0.7184138986533171
Germany,2012,Exchange_Rate,0.7783381204168122
Germany,2013,Exchange_Rate,0.7529451227019963
Germany,2014,Exchange_Rate,0.7527281969326028
Germany,2015,Exchange_Rate,0.9012964233670956
Germany,2016,Exchange_Rate,0.9034214362572632
Germany,2017,Exchange_Rate,0.8852055082693724
Germany,2018,Exchange_Rate,0.8467726671081108
Germany,2019,Exchange_Rate,0.8932762570674088
Germany,2020,Exchange_Rate,0.875506396987998
Germany,2021,Exchange_Rate,0.8454941388904503
Germany,2022,Exchange_Rate,0.9496237531569408
Germany,2023,Exchange_Rate,0.9248395584706977
Germany,2024,Exchange_Rate,0.9238895461176068
DRC,2000,Reserves,82.5
Nigeria,2000,Reserves,9910.4
Morocco,2000,Reserves,4612.0
Ghana,2000,Reserves,231.52
Germany,2000,Reserves,49667.297
France,2000,Reserves,32114.346
Angola,2000,Reserves,1198.03875794989
DRC,2001,Reserves,82.5
Nigeria,2001,Reserves,10455.8
Morocco,2001,Reserves,8262.0
Ghana,2001,Reserves,294.23
Germany,2001,Reserves,43709.844
France,2001,Reserves,26363.207
Angola,2001,Reserves,731.692215172072
DRC,2002,Reserves,65.5407520803894
Nigeria,2002,Reserves,7331.0
Morocco,2002,Reserves,9914.515
Ghana,2002,Reserves,536.06
Germany,2002,Reserves,42495.422
France,2002,Reserves,21965.021
Angola,2002,Reserves,375.353428228472
DRC,2003,Reserves,89.8013800049608
Nigeria,2003,Reserves,7128.0
Morocco,2003,Reserves,13634.097
Ghana,2003,Reserves,1306.015
Germany,2003,Reserves,41095.496
France,2003,Reserves,23121.74
Angola,2003,Reserves,633.985362377846
DRC,2004,Reserves,230.737143726474
Nigeria,2004,Reserves,16955.0
Morocco,2004,Reserves,16107.0
Ghana,2004,Reserves,1605.9396
Germany,2004,Reserves,39898.633
France,2004,Reserves,29076.748
Angola,2004,Reserves,1379.36051687105
DRC,2005,Reserves,129.82365357194
Nigeria,2005,Reserves,28279.0
Morocco,2005,Reserves,16008.0
Ghana,2005,Reserves,1751.8035
Germany,2005,Reserves,39765.328
France,2005,Reserves,23996.277
Angola,2005,Reserves,3196.63604934011
DRC,2006,Reserves,154.24332502216
Nigeria,2006,Reserves,42297.67
Morocco,2006,Reserves,20182.11
Ghana,2006,Reserves,2089.118
Germany,2006,Reserves,37718.883
France,2006,Reserves,40287.031
Angola,2006,Reserves,8148.84563142399
DRC,2007,Reserves,177.39060140157
Nigeria,2007,Reserves,51332.28
Morocco,2007,Reserves,23980.0
Ghana,2007,Reserves,1983.43969795589
Germany,2007,Reserves,40768.336
France,2007,Reserves,43587.41
Angola,2007,Reserves,11196.5447610907
DRC,2008,Reserves,71.752
Nigeria,2008,Reserves,52999.17
Morocco,2008,Reserves,21976.0
Ghana,2008,Reserves,1769.35831868215
Germany,2008,Reserves,38557.047
France,2008,Reserves,30382.203
Angola,2008,Reserves,17869.1543853501
DRC,2009,Reserves,422.796307
Nigeria,2009,Reserves,40002.5
Morocco,2009,Reserves,21923.6
Ghana,2009,Reserves,2930.8
Germany,2009,Reserves,36928.34
France,2009,Reserves,27728.668
Angola,2009,Reserves,13238.4451321591
DRC,2010,Reserves,755.717310764726
Nigeria,2010,Reserves,29759.37
Morocco,2010,Reserves,21862.231582119
Ghana,2010,Reserves,4314.58
Germany,2010,Reserves,37356.145
France,2010,Reserves,36211.02
Angola,2010,Reserves,19268.5344826868
DRC,2011,Reserves,726.303551
Nigeria,2011,Reserves,30067.91
Morocco,2011,Reserves,18357.8193720188
Ghana,2011,Reserves,5052.775
Germany,2011,Reserves,38083.359
France,2011,Reserves,26147.131
Angola,2011,Reserves,26646.6569072959
DRC,2012,Reserves,1091.085
Nigeria,2012,Reserves,41255.82
Morocco,2012,Reserves,15415.576400785
Ghana,2012,Reserves,4969.0041
Germany,2012,Reserves,37964.414
France,2012,Reserves,30350.158
Angola,2012,Reserves,30781.8114145153
DRC,2013,Reserves,1136.0991
Nigeria,2013,Reserves,40267.57
Morocco,2013,Reserves,17457.7235844858
Ghana,2013,Reserves,4882.56180543182
Germany,2013,Reserves,38725.129
France,2013,Reserves,27413.75
Angola,2013,Reserves,31134.0042670979
DRC,2014,Reserves,1046.9549
Nigeria,2014,Reserves,31814.57
Morocco,2014,Reserves,18505.4376429837
Ghana,2014,Reserves,4910.3802599412
Germany,2014,Reserves,37207.3086
France,2014,Reserves,28657.6164
Angola,2014,Reserves,26696.6747177344
DRC,2015,Reserves,766.2849556
Nigeria,2015,Reserves,25961.77
Morocco,2015,Reserves,21136.2511407684
Ghana,2015,Reserves,5203.28400655176
Germany,2015,Reserves,36386.5314
France,2015,Reserves,36372.3783
Angola,2015,Reserves,23473.5874914675
DRC,2016,Reserves,482.323488580819
Nigeria,2016,Reserves,24980.96
Morocco,2016,Reserves,23347.2317440392
Ghana,2016,Reserves,5248.84987233703
Germany,2016,Reserves,36886.1213
France,2016,Reserves,39185.1134
Angola,2016,Reserves,23212.7756902187
DRC,2017,Reserves,605.62213843708
Nigeria,2017,Reserves,37223.13033837
Morocco,2017,Reserves,24285.6107295096
Ghana,2017,Reserves,6414.95207028331
Germany,2017,Reserves,37436.1495
France,2017,Reserves,37743.1703
Angola,2017,Reserves,16968.4959338563
DRC,2018,Reserves,647.709188794845
Nigeria,2018,Reserves,40509.78826556
Morocco,2018,Reserves,22591.6043237039
Ghana,2018,Reserves,5766.30420895851
Germany,2018,Reserves,36405.275
France,2018,Reserves,48529.68
Angola,2018,Reserves,14940.4746769586
DRC,2019,Reserves,1141.34421161213
Nigeria,2019,Reserves,36020.694
Morocco,2019,Reserves,24382.5885415659
Ghana,2019,Reserves,6979.86535610351
Germany,2019,Reserves,35993.736
France,2019,Reserves,51733.6934
Angola,2019,Reserves,15889.7231250195
DRC,2020,Reserves,708.888924361158
Nigeria,2020,Reserves,34355.33269
Morocco,2020,Reserves,33697.8966299299
Ghana,2020,Reserves,7191.70321767647
Germany,2020,Reserves,36893.9886
France,2020,Reserves,55164.2805
Angola,2020,Reserves,13348.9053241593
DRC,2021,Reserves,1999.89755817446
Nigeria,2021,Reserves,34913.18636334
Morocco,2021,Reserves,32100.1528181609
Ghana,2021,Reserves,8296.47379762741
Germany,2021,Reserves,36978.2574
France,2021,Reserves,53629.7426
Angola,2021,Reserves,13118.8114281648
DRC,2022,Reserves,3468.97321699398
Nigeria,2022,Reserves,30332.61864061
Morocco,2022,Reserves,28915.941787626
Ghana,2022,Reserves,4433.21316241255
Germany,2022,Reserves,36696.373
France,2022,Reserves,52837.2308
Angola,2022,Reserves,12492.8870825955
DRC,2023,Reserves,4229.10241157259
Nigeria,2023,Reserves,27410.70204816
Morocco,2023,Reserves,32693.9249507425
Ghana,2023,Reserves,2916.07406011953
Germany,2023,Reserves,36880.48
France,2023,Reserves,29636.1
Angola,2023,Reserves,13024.8108286088
DRC,2024,Reserves,
Nigeria,2024,Reserves,34241.6794688
Morocco,2024,Reserves,33062.9198843345
Ghana,2024,Reserves,4349.52721239456
Germany,2024,Reserves,35291.0
France,2024,Reserves,29599.0
Angola,2024,Reserves,13613.583433847
