horizon,response,shock,irf
0,GDP_Growth,GDP_Growth,1.0
0,GDP_Growth,Capital_Formation_lag1,0.0
0,GDP_Growth,Inflation_lag1,0.0
0,GDP_Growth,Government_Debt_lag1,0.0
0,GDP_Growth,Trade_Balance_lag1,0.0
0,GDP_Growth,Exchange_Rate_lag1,0.0
0,GDP_Growth,Reserves_lag1,0.0
0,Capital_Formation_lag1,GDP_Growth,0.0
0,Capital_Formation_lag1,Capital_Formation_lag1,1.0
0,Capital_Formation_lag1,Inflation_lag1,0.0
0,Capital_Formation_lag1,Government_Debt_lag1,0.0
0,Capital_Formation_lag1,Trade_Balance_lag1,0.0
0,Capital_Formation_lag1,Exchange_Rate_lag1,0.0
0,Capital_Formation_lag1,Reserves_lag1,0.0
0,Inflation_lag1,GDP_Growth,0.0
0,Inflation_lag1,Capital_Formation_lag1,0.0
0,Inflation_lag1,Inflation_lag1,1.0
0,Inflation_lag1,Government_Debt_lag1,0.0
0,Inflation_lag1,Trade_Balance_lag1,0.0
0,Inflation_lag1,Exchange_Rate_lag1,0.0
0,Inflation_lag1,Reserves_lag1,0.0
0,Government_Debt_lag1,GDP_Growth,0.0
0,Government_Debt_lag1,Capital_Formation_lag1,0.0
0,Government_Debt_lag1,Inflation_lag1,0.0
0,Government_Debt_lag1,Government_Debt_lag1,1.0
0,Government_Debt_lag1,Trade_Balance_lag1,0.0
0,Government_Debt_lag1,Exchange_Rate_lag1,0.0
0,Government_Debt_lag1,Reserves_lag1,0.0
0,Trade_Balance_lag1,GDP_Growth,0.0
0,Trade_Balance_lag1,Capital_Formation_lag1,0.0
0,Trade_Balance_lag1,Inflation_lag1,0.0
0,Trade_Balance_lag1,Government_Debt_lag1,0.0
0,Trade_Balance_lag1,Trade_Balance_lag1,1.0
0,Trade_Balance_lag1,Exchange_Rate_lag1,0.0
0,Trade_Balance_lag1,Reserves_lag1,0.0
0,Exchange_Rate_lag1,GDP_Growth,0.0
0,Exchange_Rate_lag1,Capital_Formation_lag1,0.0
0,Exchange_Rate_lag1,Inflation_lag1,0.0
0,Exchange_Rate_lag1,Government_Debt_lag1,0.0
0,Exchange_Rate_lag1,Trade_Balance_lag1,0.0
0,Exchange_Rate_lag1,Exchange_Rate_lag1,1.0
0,Exchange_Rate_lag1,Reserves_lag1,0.0
0,Reserves_lag1,GDP_Growth,0.0
0,Reserves_lag1,Capital_Formation_lag1,0.0
0,Reserves_lag1,Inflation_lag1,0.0
0,Reserves_lag1,Government_Debt_lag1,0.0
0,Reserves_lag1,Trade_Balance_lag1,0.0
0,Reserves_lag1,Exchange_Rate_lag1,0.0
0,Reserves_lag1,Reserves_lag1,1.0
1,GDP_Growth,GDP_Growth,-0.7888930128005835
1,GDP_Growth,Capital_Formation_lag1,26.1479586288104
1,GDP_Growth,Inflation_lag1,-0.659689323153644
1,GDP_Growth,Government_Debt_lag1,49.80494110820191
1,GDP_Growth,Trade_Balance_lag1,0.45468187735667437
1,GDP_Growth,Exchange_Rate_lag1,21.515102299308378
1,GDP_Growth,Reserves_lag1,3.6308963589541303
1,Capital_Formation_lag1,GDP_Growth,0.008148197085758077
1,Capital_Formation_lag1,Capital_Formation_lag1,-0.28633529035017874
1,Capital_Formation_lag1,Inflation_lag1,0.04870206730534269
1,Capital_Formation_lag1,Government_Debt_lag1,-1.03547205817226
1,Capital_Formation_lag1,Trade_Balance_lag1,-0.010074483459788548
1,Capital_Formation_lag1,Exchange_Rate_lag1,-0.06043483428782014
1,Capital_Formation_lag1,Reserves_lag1,0.26618534439583197
1,Inflation_lag1,GDP_Growth,0.07799542509692237
1,Inflation_lag1,Capital_Formation_lag1,-4.285330285388256
1,Inflation_lag1,Inflation_lag1,-0.1965180536884408
1,Inflation_lag1,Government_Debt_lag1,1.0333383676012788
1,Inflation_lag1,Trade_Balance_lag1,-0.030809534158523055
1,Inflation_lag1,Exchange_Rate_lag1,2.6771676585850526
1,Inflation_lag1,Reserves_lag1,-0.96714126766548
1,Government_Debt_lag1,GDP_Growth,-0.016347207929137242
1,Government_Debt_lag1,Capital_Formation_lag1,0.11818400871329096
1,Government_Debt_lag1,Inflation_lag1,-0.05835251127357583
1,Government_Debt_lag1,Government_Debt_lag1,1.2572232332845068
1,Government_Debt_lag1,Trade_Balance_lag1,-0.014996156955499468
1,Government_Debt_lag1,Exchange_Rate_lag1,0.2672435071399962
1,Government_Debt_lag1,Reserves_lag1,-0.0171308538973836
1,Trade_Balance_lag1,GDP_Growth,-0.148837334538507
1,Trade_Balance_lag1,Capital_Formation_lag1,-20.741432481509477
1,Trade_Balance_lag1,Inflation_lag1,0.11024303034724803
1,Trade_Balance_lag1,Government_Debt_lag1,-6.329097177603698
1,Trade_Balance_lag1,Trade_Balance_lag1,-0.09011132743887491
1,Trade_Balance_lag1,Exchange_Rate_lag1,-2.286192052625052
1,Trade_Balance_lag1,Reserves_lag1,1.4842537526144228
1,Exchange_Rate_lag1,GDP_Growth,0.004961633561132717
1,Exchange_Rate_lag1,Capital_Formation_lag1,0.31108005310427
1,Exchange_Rate_lag1,Inflation_lag1,-0.09733523933886047
1,Exchange_Rate_lag1,Government_Debt_lag1,0.04086582584876568
1,Exchange_Rate_lag1,Trade_Balance_lag1,-0.016748678654539738
1,Exchange_Rate_lag1,Exchange_Rate_lag1,0.8237691127274851
1,Exchange_Rate_lag1,Reserves_lag1,0.006532074370142443
1,Reserves_lag1,GDP_Growth,-0.024303806445988507
1,Reserves_lag1,Capital_Formation_lag1,-1.8616367439726018
1,Reserves_lag1,Inflation_lag1,0.15196135672239097
1,Reserves_lag1,Government_Debt_lag1,-1.3930116562506305
1,Reserves_lag1,Trade_Balance_lag1,0.00894203418806036
1,Reserves_lag1,Exchange_Rate_lag1,-0.7530468798675708
1,Reserves_lag1,Reserves_lag1,0.5999633363282073
2,GDP_Growth,GDP_Growth,0.3299689048375201
2,GDP_Growth,Capital_Formation_lag1,-28.40867551120607
2,GDP_Growth,Inflation_lag1,-1.272831482888684
2,GDP_Growth,Government_Debt_lag1,-55.8887590464397
2,GDP_Growth,Trade_Balance_lag1,-0.5378479838212709
2,GDP_Growth,Exchange_Rate_lag1,-31.925941013623447
2,GDP_Growth,Reserves_lag1,-3.9423278867426905
2,Capital_Formation_lag1,GDP_Growth,0.0021077630598009753
2,Capital_Formation_lag1,Capital_Formation_lag1,-1.3205276760977966
2,Capital_Formation_lag1,Inflation_lag1,0.09778203766834143
2,Capital_Formation_lag1,Government_Debt_lag1,-0.7960207805368271
2,Capital_Formation_lag1,Trade_Balance_lag1,-0.02029297411740107
2,Capital_Formation_lag1,Exchange_Rate_lag1,0.4218171344620815
2,Capital_Formation_lag1,Reserves_lag1,0.3147589468456601
2,Inflation_lag1,GDP_Growth,-0.030309648156880087
2,Inflation_lag1,Capital_Formation_lag1,-3.7100837593506615
2,Inflation_lag1,Inflation_lag1,0.049244977127570144
2,Inflation_lag1,Government_Debt_lag1,8.342002949495042
2,Inflation_lag1,Trade_Balance_lag1,-0.2474911199043041
2,Inflation_lag1,Exchange_Rate_lag1,2.001821789774228
2,Inflation_lag1,Reserves_lag1,2.682737658408992
2,Government_Debt_lag1,GDP_Growth,-0.005994348596639554
2,Government_Debt_lag1,Capital_Formation_lag1,0.587640741222049
2,Government_Debt_lag1,Inflation_lag1,-0.12872717874086473
2,Government_Debt_lag1,Government_Debt_lag1,0.4829981768258972
2,Government_Debt_lag1,Trade_Balance_lag1,-0.009183600169380184
2,Government_Debt_lag1,Exchange_Rate_lag1,-0.12991302119721643
2,Government_Debt_lag1,Reserves_lag1,-0.1088972673744645
2,Trade_Balance_lag1,GDP_Growth,-0.22568732614291281
2,Trade_Balance_lag1,Capital_Formation_lag1,25.901241763292585
2,Trade_Balance_lag1,Inflation_lag1,0.3753376014673369
2,Trade_Balance_lag1,Government_Debt_lag1,27.022785713885707
2,Trade_Balance_lag1,Trade_Balance_lag1,1.1495865963937217
2,Trade_Balance_lag1,Exchange_Rate_lag1,-17.060087580230025
2,Trade_Balance_lag1,Reserves_lag1,-13.11826582744974
2,Exchange_Rate_lag1,GDP_Growth,0.002548989170281435
2,Exchange_Rate_lag1,Capital_Formation_lag1,1.3087350861811828
2,Exchange_Rate_lag1,Inflation_lag1,-0.0897123058129228
2,Exchange_Rate_lag1,Government_Debt_lag1,0.7501217105955255
2,Exchange_Rate_lag1,Trade_Balance_lag1,0.013437341115441256
2,Exchange_Rate_lag1,Exchange_Rate_lag1,-0.1839337291575588
2,Exchange_Rate_lag1,Reserves_lag1,0.008240522886557439
2,Reserves_lag1,GDP_Growth,-0.017991156517344564
2,Reserves_lag1,Capital_Formation_lag1,-1.4815294916892334
2,Reserves_lag1,Inflation_lag1,0.24301367921705913
2,Reserves_lag1,Government_Debt_lag1,-0.5040720462161228
2,Reserves_lag1,Trade_Balance_lag1,0.013737530711611719
2,Reserves_lag1,Exchange_Rate_lag1,-0.7567544008508544
2,Reserves_lag1,Reserves_lag1,-0.05922978257983175
3,GDP_Growth,GDP_Growth,-0.20173152307766362
3,GDP_Growth,Capital_Formation_lag1,37.894380038587755
3,GDP_Growth,Inflation_lag1,0.6178862357619335
3,GDP_Growth,Government_Debt_lag1,39.73810166483805
3,GDP_Growth,Trade_Balance_lag1,1.7191562048980176
3,GDP_Growth,Exchange_Rate_lag1,-12.475033860918565
3,GDP_Growth,Reserves_lag1,-5.633200331816409
3,Capital_Formation_lag1,GDP_Growth,0.004134086505210899
3,Capital_Formation_lag1,Capital_Formation_lag1,-0.6327130604965141
3,Capital_Formation_lag1,Inflation_lag1,0.08499194741963009
3,Capital_Formation_lag1,Government_Debt_lag1,0.08036592252299107
3,Capital_Formation_lag1,Trade_Balance_lag1,-0.0074798169612899715
3,Capital_Formation_lag1,Exchange_Rate_lag1,0.28050460101686675
3,Capital_Formation_lag1,Reserves_lag1,0.02303467134165721
3,Inflation_lag1,GDP_Growth,-0.05661204735791456
3,Inflation_lag1,Capital_Formation_lag1,7.394077202582965
3,Inflation_lag1,Inflation_lag1,-0.8814157626808758
3,Inflation_lag1,Government_Debt_lag1,7.395907595177994
3,Inflation_lag1,Trade_Balance_lag1,0.3329146320394136
3,Inflation_lag1,Exchange_Rate_lag1,-5.500743581716803
3,Inflation_lag1,Reserves_lag1,-3.2880040773829613
3,Government_Debt_lag1,GDP_Growth,-0.008049344444057418
3,Government_Debt_lag1,Capital_Formation_lag1,1.1002666739915639
3,Government_Debt_lag1,Inflation_lag1,-0.12167239044050912
3,Government_Debt_lag1,Government_Debt_lag1,0.2151034645993408
3,Government_Debt_lag1,Trade_Balance_lag1,-6.95733779165833e-05
3,Government_Debt_lag1,Exchange_Rate_lag1,0.1605657352132257
3,Government_Debt_lag1,Reserves_lag1,0.10461594387951265
3,Trade_Balance_lag1,GDP_Growth,0.026782485461971994
3,Trade_Balance_lag1,Capital_Formation_lag1,-0.42377007574713943
3,Trade_Balance_lag1,Inflation_lag1,-0.4540286579654935
3,Trade_Balance_lag1,Government_Debt_lag1,11.274214118097394
3,Trade_Balance_lag1,Trade_Balance_lag1,-0.2808985637234912
3,Trade_Balance_lag1,Exchange_Rate_lag1,-6.91158677463704
3,Trade_Balance_lag1,Reserves_lag1,-2.0430097364826283
3,Exchange_Rate_lag1,GDP_Growth,-0.009877382132122489
3,Exchange_Rate_lag1,Capital_Formation_lag1,0.3814623178978416
3,Exchange_Rate_lag1,Inflation_lag1,-0.04380277406199621
3,Exchange_Rate_lag1,Government_Debt_lag1,-0.180502705138815
3,Exchange_Rate_lag1,Trade_Balance_lag1,0.005285769514752313
3,Exchange_Rate_lag1,Exchange_Rate_lag1,-0.4221439901096357
3,Exchange_Rate_lag1,Reserves_lag1,0.07973935591986214
3,Reserves_lag1,GDP_Growth,0.001649982211373635
3,Reserves_lag1,Capital_Formation_lag1,-1.1319190695671575
3,Reserves_lag1,Inflation_lag1,0.19894082652284972
3,Reserves_lag1,Government_Debt_lag1,1.5068158688924265
3,Reserves_lag1,Trade_Balance_lag1,-0.021678798374114357
3,Reserves_lag1,Exchange_Rate_lag1,0.20805809694235794
3,Reserves_lag1,Reserves_lag1,0.047032850209122956
4,GDP_Growth,GDP_Growth,-0.09553632183906305
4,GDP_Growth,Capital_Formation_lag1,-39.72662307654884
4,GDP_Growth,Inflation_lag1,2.4325723842564115
4,GDP_Growth,Government_Debt_lag1,-43.20855502668311
4,GDP_Growth,Trade_Balance_lag1,-1.3022056149327952
4,GDP_Growth,Exchange_Rate_lag1,7.853851347249388
4,GDP_Growth,Reserves_lag1,4.828966303107485
4,Capital_Formation_lag1,GDP_Growth,0.00623300381465888
4,Capital_Formation_lag1,Capital_Formation_lag1,0.025503466443080755
4,Capital_Formation_lag1,Inflation_lag1,0.015840146171885477
4,Capital_Formation_lag1,Government_Debt_lag1,1.0843287451016657
4,Capital_Formation_lag1,Trade_Balance_lag1,0.005242462733272095
4,Capital_Formation_lag1,Exchange_Rate_lag1,-0.22424684055602417
4,Capital_Formation_lag1,Reserves_lag1,0.05027194911132296
4,Inflation_lag1,GDP_Growth,-0.08884659254000213
4,Inflation_lag1,Capital_Formation_lag1,0.01257395292705299
4,Inflation_lag1,Inflation_lag1,-0.2377862927671126
4,Inflation_lag1,Government_Debt_lag1,-1.3594654260759356
4,Inflation_lag1,Trade_Balance_lag1,-0.10455446343046976
4,Inflation_lag1,Exchange_Rate_lag1,-4.732879856187788
4,Inflation_lag1,Reserves_lag1,2.212166949590174
4,Government_Debt_lag1,GDP_Growth,-0.005702582194884474
4,Government_Debt_lag1,Capital_Formation_lag1,0.46727140274877654
4,Government_Debt_lag1,Inflation_lag1,-0.05623493636901576
4,Government_Debt_lag1,Government_Debt_lag1,-1.434847577730646
4,Government_Debt_lag1,Trade_Balance_lag1,-0.013851216034459348
4,Government_Debt_lag1,Exchange_Rate_lag1,0.49189058692282966
4,Government_Debt_lag1,Reserves_lag1,0.1613702384542769
4,Trade_Balance_lag1,GDP_Growth,-0.2457312717163518
4,Trade_Balance_lag1,Capital_Formation_lag1,1.5158973070829234
4,Trade_Balance_lag1,Inflation_lag1,-1.267866047703834
4,Trade_Balance_lag1,Government_Debt_lag1,20.26167543328513
4,Trade_Balance_lag1,Trade_Balance_lag1,-0.08667131290822594
4,Trade_Balance_lag1,Exchange_Rate_lag1,7.001238490935286
4,Trade_Balance_lag1,Reserves_lag1,-3.165287574825978
4,Exchange_Rate_lag1,GDP_Growth,-0.00825325121984844
4,Exchange_Rate_lag1,Capital_Formation_lag1,-0.3768373630826449
4,Exchange_Rate_lag1,Inflation_lag1,0.03663665379706741
4,Exchange_Rate_lag1,Government_Debt_lag1,-1.1054800944159429
4,Exchange_Rate_lag1,Trade_Balance_lag1,-0.0075902061580342605
4,Exchange_Rate_lag1,Exchange_Rate_lag1,-0.05939108006016458
4,Exchange_Rate_lag1,Reserves_lag1,-0.032770083709966175
4,Reserves_lag1,GDP_Growth,-0.00952705264202388
4,Reserves_lag1,Capital_Formation_lag1,-1.1604235018675486
4,Reserves_lag1,Inflation_lag1,-0.015278515662299513
4,Reserves_lag1,Government_Debt_lag1,3.261718359936394
4,Reserves_lag1,Trade_Balance_lag1,-0.05141665045146644
4,Reserves_lag1,Exchange_Rate_lag1,0.8508342549786007
4,Reserves_lag1,Reserves_lag1,0.3279315192271246
5,GDP_Growth,GDP_Growth,0.29548093848428014
5,GDP_Growth,Capital_Formation_lag1,15.795534237533829
5,GDP_Growth,Inflation_lag1,-0.3402349428784275
5,GDP_Growth,Government_Debt_lag1,8.8087322170472
5,GDP_Growth,Trade_Balance_lag1,0.9551612220469496
5,GDP_Growth,Exchange_Rate_lag1,7.848165843966802
5,GDP_Growth,Reserves_lag1,-13.781355982246055
5,Capital_Formation_lag1,GDP_Growth,-0.012122051845753575
5,Capital_Formation_lag1,Capital_Formation_lag1,-0.47532711121951166
5,Capital_Formation_lag1,Inflation_lag1,-0.000640394928213793
5,Capital_Formation_lag1,Government_Debt_lag1,1.1487061791184263
5,Capital_Formation_lag1,Trade_Balance_lag1,0.0017625649938656403
5,Capital_Formation_lag1,Exchange_Rate_lag1,-0.6658413333127958
5,Capital_Formation_lag1,Reserves_lag1,0.17946948517100572
5,Inflation_lag1,GDP_Growth,-0.07980727397203023
5,Inflation_lag1,Capital_Formation_lag1,3.6647936167137987
5,Inflation_lag1,Inflation_lag1,0.05203744881345174
5,Inflation_lag1,Government_Debt_lag1,-6.227672201796912
5,Inflation_lag1,Trade_Balance_lag1,0.31763080827817913
5,Inflation_lag1,Exchange_Rate_lag1,-2.7606054566689284
5,Inflation_lag1,Reserves_lag1,-3.2026179096744984
5,Government_Debt_lag1,GDP_Growth,0.010030958747603905
5,Government_Debt_lag1,Capital_Formation_lag1,0.4005883400125744
5,Government_Debt_lag1,Inflation_lag1,0.01268618205251365
5,Government_Debt_lag1,Government_Debt_lag1,-1.7848156289387034
5,Government_Debt_lag1,Trade_Balance_lag1,-0.011263578439424674
5,Government_Debt_lag1,Exchange_Rate_lag1,0.8440685955738646
5,Government_Debt_lag1,Reserves_lag1,0.12056470419044082
5,Trade_Balance_lag1,GDP_Growth,0.008582679329190476
5,Trade_Balance_lag1,Capital_Formation_lag1,7.640740720659608
5,Trade_Balance_lag1,Inflation_lag1,-2.870528052409942
5,Trade_Balance_lag1,Government_Debt_lag1,-1.055136827777952
5,Trade_Balance_lag1,Trade_Balance_lag1,-0.4869635481151784
5,Trade_Balance_lag1,Exchange_Rate_lag1,9.144203811308358
5,Trade_Balance_lag1,Reserves_lag1,-1.9520745899374432
5,Exchange_Rate_lag1,GDP_Growth,0.010766193654615095
5,Exchange_Rate_lag1,Capital_Formation_lag1,-0.012089854159506336
5,Exchange_Rate_lag1,Inflation_lag1,0.044024689245608484
5,Exchange_Rate_lag1,Government_Debt_lag1,-0.750283127698174
5,Exchange_Rate_lag1,Trade_Balance_lag1,-0.011786924341800908
5,Exchange_Rate_lag1,Exchange_Rate_lag1,0.7209224388906149
5,Exchange_Rate_lag1,Reserves_lag1,-0.08306279191276919
5,Reserves_lag1,GDP_Growth,-0.02849363248692926
5,Reserves_lag1,Capital_Formation_lag1,-0.008678034573851745
5,Reserves_lag1,Inflation_lag1,-0.24431868221737152
5,Reserves_lag1,Government_Debt_lag1,3.411567169967377
5,Reserves_lag1,Trade_Balance_lag1,-0.03260649029960038
5,Reserves_lag1,Exchange_Rate_lag1,-0.22526900550233564
5,Reserves_lag1,Reserves_lag1,0.25425231148444616
6,GDP_Growth,GDP_Growth,0.378525548922498
6,GDP_Growth,Capital_Formation_lag1,-12.168634508138343
6,GDP_Growth,Inflation_lag1,0.0642759177973633
6,GDP_Growth,Government_Debt_lag1,10.572660975270951
6,GDP_Growth,Trade_Balance_lag1,-1.363615415616266
6,GDP_Growth,Exchange_Rate_lag1,16.048052225071448
6,GDP_Growth,Reserves_lag1,13.419088020288724
6,Capital_Formation_lag1,GDP_Growth,-0.020819464624944942
6,Capital_Formation_lag1,Capital_Formation_lag1,-0.44486326298230255
6,Capital_Formation_lag1,Inflation_lag1,-0.01151971442884067
6,Capital_Formation_lag1,Government_Debt_lag1,0.4911114499094458
6,Capital_Formation_lag1,Trade_Balance_lag1,0.015797274465032436
6,Capital_Formation_lag1,Exchange_Rate_lag1,-0.9773548296371191
6,Capital_Formation_lag1,Reserves_lag1,-0.1627177179852654
6,Inflation_lag1,GDP_Growth,0.0811214880088369
6,Inflation_lag1,Capital_Formation_lag1,-5.115672719583708
6,Inflation_lag1,Inflation_lag1,0.5375608991235348
6,Inflation_lag1,Government_Debt_lag1,-11.29380567811348
6,Inflation_lag1,Trade_Balance_lag1,-0.3259086827340527
6,Inflation_lag1,Exchange_Rate_lag1,6.535603639006375
6,Inflation_lag1,Reserves_lag1,1.6486561699631381
6,Government_Debt_lag1,GDP_Growth,0.019302181513853853
6,Government_Debt_lag1,Capital_Formation_lag1,-0.08463742337083474
6,Government_Debt_lag1,Inflation_lag1,0.0778762299906628
6,Government_Debt_lag1,Government_Debt_lag1,-1.1767875889963217
6,Government_Debt_lag1,Trade_Balance_lag1,-0.0308131525128761
6,Government_Debt_lag1,Exchange_Rate_lag1,1.2513657447981967
6,Government_Debt_lag1,Reserves_lag1,0.3670927387540771
6,Trade_Balance_lag1,GDP_Growth,0.03944439146895902
6,Trade_Balance_lag1,Capital_Formation_lag1,40.33636342502262
6,Trade_Balance_lag1,Inflation_lag1,-3.1520905888841932
6,Trade_Balance_lag1,Government_Debt_lag1,3.355958329670222
6,Trade_Balance_lag1,Trade_Balance_lag1,0.46531628370731437
6,Trade_Balance_lag1,Exchange_Rate_lag1,4.8795862180237375
6,Trade_Balance_lag1,Reserves_lag1,-2.1108963338070974
6,Exchange_Rate_lag1,GDP_Growth,0.01626759128433463
6,Exchange_Rate_lag1,Capital_Formation_lag1,0.08773282658740167
6,Exchange_Rate_lag1,Inflation_lag1,0.006495479684077758
6,Exchange_Rate_lag1,Government_Debt_lag1,0.11178178762503588
6,Exchange_Rate_lag1,Trade_Balance_lag1,-0.028190140248619874
6,Exchange_Rate_lag1,Exchange_Rate_lag1,1.1725317579055072
6,Exchange_Rate_lag1,Reserves_lag1,0.23989016581900702
6,Reserves_lag1,GDP_Growth,-0.04440119718455031
6,Reserves_lag1,Capital_Formation_lag1,2.0387574836717977
6,Reserves_lag1,Inflation_lag1,-0.32059414639702083
6,Reserves_lag1,Government_Debt_lag1,2.016257963798361
6,Reserves_lag1,Trade_Balance_lag1,0.02978452257115051
6,Reserves_lag1,Exchange_Rate_lag1,-1.486823209459713
6,Reserves_lag1,Reserves_lag1,0.0011707596597840264
7,GDP_Growth,GDP_Growth,-0.2548758785107335
7,GDP_Growth,Capital_Formation_lag1,27.18688524358964
7,GDP_Growth,Inflation_lag1,-2.380382235703123
7,GDP_Growth,Government_Debt_lag1,31.535967252059187
7,GDP_Growth,Trade_Balance_lag1,1.3925301777662011
7,GDP_Growth,Exchange_Rate_lag1,-10.861237475753285
7,GDP_Growth,Reserves_lag1,-10.02112131526079
7,Capital_Formation_lag1,GDP_Growth,-0.011645713478439118
7,Capital_Formation_lag1,Capital_Formation_lag1,0.137990939350096
7,Capital_Formation_lag1,Inflation_lag1,-0.004420669828821805
7,Capital_Formation_lag1,Government_Debt_lag1,0.13831750606691143
7,Capital_Formation_lag1,Trade_Balance_lag1,0.012087081421324137
7,Capital_Formation_lag1,Exchange_Rate_lag1,-0.5062456058963266
7,Capital_Formation_lag1,Reserves_lag1,-0.208270696397908
7,Inflation_lag1,GDP_Growth,0.12966904313888522
7,Inflation_lag1,Capital_Formation_lag1,4.718010960483612
7,Inflation_lag1,Inflation_lag1,0.11916414354985697
7,Inflation_lag1,Government_Debt_lag1,1.7019349792151832
7,Inflation_lag1,Trade_Balance_lag1,0.07218492592911406
7,Inflation_lag1,Exchange_Rate_lag1,8.17131345343414
7,Inflation_lag1,Reserves_lag1,-1.2440269811241318
7,Government_Debt_lag1,GDP_Growth,0.015232935810333782
7,Government_Debt_lag1,Capital_Formation_lag1,-0.4968227644505076
7,Government_Debt_lag1,Inflation_lag1,0.06678955082215302
7,Government_Debt_lag1,Government_Debt_lag1,-0.1269476470735873
7,Government_Debt_lag1,Trade_Balance_lag1,-0.02752539304152319
7,Government_Debt_lag1,Exchange_Rate_lag1,0.9351757636449525
7,Government_Debt_lag1,Reserves_lag1,0.3452927182636358
7,Trade_Balance_lag1,GDP_Growth,0.0543389877571408
7,Trade_Balance_lag1,Capital_Formation_lag1,11.09273221860485
7,Trade_Balance_lag1,Inflation_lag1,-1.0673370531985222
7,Trade_Balance_lag1,Government_Debt_lag1,-37.10849712532689
7,Trade_Balance_lag1,Trade_Balance_lag1,-0.2199536056412547
7,Trade_Balance_lag1,Exchange_Rate_lag1,4.851437995423354
7,Trade_Balance_lag1,Reserves_lag1,5.487137598826394
7,Exchange_Rate_lag1,GDP_Growth,0.006958780950070737
7,Exchange_Rate_lag1,Capital_Formation_lag1,0.03197329198570498
7,Exchange_Rate_lag1,Inflation_lag1,-0.05101125565781825
7,Exchange_Rate_lag1,Government_Debt_lag1,0.497417294116578
7,Exchange_Rate_lag1,Trade_Balance_lag1,-0.014028997599767553
7,Exchange_Rate_lag1,Exchange_Rate_lag1,0.4015116659618302
7,Exchange_Rate_lag1,Reserves_lag1,0.24929765688349956
7,Reserves_lag1,GDP_Growth,-0.0418356233278569
7,Reserves_lag1,Capital_Formation_lag1,1.6041174979060746
7,Reserves_lag1,Inflation_lag1,-0.15711133810578243
7,Reserves_lag1,Government_Debt_lag1,-1.7931590127055062
7,Reserves_lag1,Trade_Balance_lag1,0.02001943289412271
7,Reserves_lag1,Exchange_Rate_lag1,-0.9743096072041797
7,Reserves_lag1,Reserves_lag1,0.10017277510965639
8,GDP_Growth,GDP_Growth,-0.1279969870762225
8,GDP_Growth,Capital_Formation_lag1,-19.609861265570757
8,GDP_Growth,Inflation_lag1,-0.4371222380245873
8,GDP_Growth,Government_Debt_lag1,-20.34205759924575
8,GDP_Growth,Trade_Balance_lag1,-0.7819148436865835
8,GDP_Growth,Exchange_Rate_lag1,-21.52343029994029
8,GDP_Growth,Reserves_lag1,7.969715126656007
8,Capital_Formation_lag1,GDP_Growth,-0.0016591223044130025
8,Capital_Formation_lag1,Capital_Formation_lag1,0.3496595489024992
8,Capital_Formation_lag1,Inflation_lag1,-0.014873815528569537
8,Capital_Formation_lag1,Government_Debt_lag1,-0.12996454633277693
8,Capital_Formation_lag1,Trade_Balance_lag1,-0.0003910240988211286
8,Capital_Formation_lag1,Exchange_Rate_lag1,0.3725401857384538
8,Capital_Formation_lag1,Reserves_lag1,-0.08807228321366059
8,Inflation_lag1,GDP_Growth,0.10947198296375525
8,Inflation_lag1,Capital_Formation_lag1,-3.8467717550667784
8,Inflation_lag1,Inflation_lag1,-0.2074389365526541
8,Inflation_lag1,Government_Debt_lag1,2.3597114607948333
8,Inflation_lag1,Trade_Balance_lag1,-0.3780997648861319
8,Inflation_lag1,Exchange_Rate_lag1,5.497246269280528
8,Inflation_lag1,Reserves_lag1,3.845913322255407
8,Government_Debt_lag1,GDP_Growth,0.00420482027939925
8,Government_Debt_lag1,Capital_Formation_lag1,-0.7324996596053317
8,Government_Debt_lag1,Inflation_lag1,0.035016913006523875
8,Government_Debt_lag1,Government_Debt_lag1,0.8269629489725333
8,Government_Debt_lag1,Trade_Balance_lag1,-0.021920141577443798
8,Government_Debt_lag1,Exchange_Rate_lag1,0.0009738305217315002
8,Government_Debt_lag1,Reserves_lag1,0.3428349485172174
8,Trade_Balance_lag1,GDP_Growth,0.13897741200056768
8,Trade_Balance_lag1,Capital_Formation_lag1,2.5142511389167694
8,Trade_Balance_lag1,Inflation_lag1,1.4340440821171925
8,Trade_Balance_lag1,Government_Debt_lag1,-42.67635922236744
8,Trade_Balance_lag1,Trade_Balance_lag1,0.19203148040756907
8,Trade_Balance_lag1,Exchange_Rate_lag1,8.450008699966165
8,Trade_Balance_lag1,Reserves_lag1,-0.5430147149308615
8,Exchange_Rate_lag1,GDP_Growth,-0.007547259087852809
8,Exchange_Rate_lag1,Capital_Formation_lag1,0.05625229113227753
8,Exchange_Rate_lag1,Inflation_lag1,-0.03818965377551773
8,Exchange_Rate_lag1,Government_Debt_lag1,0.4355479748695754
8,Exchange_Rate_lag1,Trade_Balance_lag1,0.007034543078689341
8,Exchange_Rate_lag1,Exchange_Rate_lag1,-0.6842899484397911
8,Exchange_Rate_lag1,Reserves_lag1,0.15497223919162223
8,Reserves_lag1,GDP_Growth,-0.0064670222546883704
8,Reserves_lag1,Capital_Formation_lag1,0.44948590266923305
8,Reserves_lag1,Inflation_lag1,0.06854124939240858
8,Reserves_lag1,Government_Debt_lag1,-4.395852394834993
8,Reserves_lag1,Trade_Balance_lag1,-0.01787920436117587
8,Reserves_lag1,Exchange_Rate_lag1,1.3234238469940554
8,Reserves_lag1,Reserves_lag1,0.09887270934366399
9,GDP_Growth,GDP_Growth,-0.31221463868028354
9,GDP_Growth,Capital_Formation_lag1,28.073623906142657
9,GDP_Growth,Inflation_lag1,0.5401557815544011
9,GDP_Growth,Government_Debt_lag1,3.2320616631933774
9,GDP_Growth,Trade_Balance_lag1,1.892176371257579
9,GDP_Growth,Exchange_Rate_lag1,-18.668718425967292
9,GDP_Growth,Reserves_lag1,-15.936748386986505
9,Capital_Formation_lag1,GDP_Growth,0.005426549857007522
9,Capital_Formation_lag1,Capital_Formation_lag1,0.12343941853715804
9,Capital_Formation_lag1,Inflation_lag1,-0.0388252588108084
9,Capital_Formation_lag1,Government_Debt_lag1,-0.3529837731522315
9,Capital_Formation_lag1,Trade_Balance_lag1,-0.021102656134940247
9,Capital_Formation_lag1,Exchange_Rate_lag1,0.8517064472329627
9,Capital_Formation_lag1,Reserves_lag1,0.11712291291722082
9,Inflation_lag1,GDP_Growth,-0.06706585422781162
9,Inflation_lag1,Capital_Formation_lag1,4.809699279030427
9,Inflation_lag1,Inflation_lag1,-0.48960119864321644
9,Inflation_lag1,Government_Debt_lag1,9.350556232191707
9,Inflation_lag1,Trade_Balance_lag1,0.27084578067292386
9,Inflation_lag1,Exchange_Rate_lag1,-5.400881135104842
9,Inflation_lag1,Reserves_lag1,-0.8986864802151151
9,Government_Debt_lag1,GDP_Growth,-0.013411383355960297
9,Government_Debt_lag1,Capital_Formation_lag1,-0.3595136960889839
9,Government_Debt_lag1,Inflation_lag1,0.006278449024962017
9,Government_Debt_lag1,Government_Debt_lag1,1.3712953793699287
9,Government_Debt_lag1,Trade_Balance_lag1,0.01055099408511557
9,Government_Debt_lag1,Exchange_Rate_lag1,-0.9414905691939915
9,Government_Debt_lag1,Reserves_lag1,0.08636829248795849
9,Trade_Balance_lag1,GDP_Growth,0.49066401671645593
9,Trade_Balance_lag1,Capital_Formation_lag1,-15.096772395511003
9,Trade_Balance_lag1,Inflation_lag1,3.0942684837357612
9,Trade_Balance_lag1,Government_Debt_lag1,-32.42623711686598
9,Trade_Balance_lag1,Trade_Balance_lag1,-0.6386784814549076
9,Trade_Balance_lag1,Exchange_Rate_lag1,20.48818818990314
9,Trade_Balance_lag1,Reserves_lag1,4.013680799944919
9,Exchange_Rate_lag1,GDP_Growth,-0.014829102620519195
9,Exchange_Rate_lag1,Capital_Formation_lag1,-0.01935277382586975
9,Exchange_Rate_lag1,Inflation_lag1,0.028621032300909496
9,Exchange_Rate_lag1,Government_Debt_lag1,-0.18924428789483078
9,Exchange_Rate_lag1,Trade_Balance_lag1,0.023884792830901794
9,Exchange_Rate_lag1,Exchange_Rate_lag1,-1.0347898865491645
9,Exchange_Rate_lag1,Reserves_lag1,-0.08594185838586497
9,Reserves_lag1,GDP_Growth,0.04270091296911998
9,Reserves_lag1,Capital_Formation_lag1,-0.36053076850081517
9,Reserves_lag1,Inflation_lag1,0.17198922066715452
9,Reserves_lag1,Government_Debt_lag1,-3.5604443943176087
9,Reserves_lag1,Trade_Balance_lag1,-0.08799358618254763
9,Reserves_lag1,Exchange_Rate_lag1,3.8736385071773873
9,Reserves_lag1,Reserves_lag1,0.5601738010510348
10,GDP_Growth,GDP_Growth,0.2425118467336217
10,GDP_Growth,Capital_Formation_lag1,-32.626865284825186
10,GDP_Growth,Inflation_lag1,2.2857660490190197
10,GDP_Growth,Government_Debt_lag1,-43.38898192144938
10,GDP_Growth,Trade_Balance_lag1,-1.4487321241743412
10,GDP_Growth,Exchange_Rate_lag1,14.973356553234373
10,GDP_Growth,Reserves_lag1,7.426608028342315
10,Capital_Formation_lag1,GDP_Growth,0.00619385109401336
10,Capital_Formation_lag1,Capital_Formation_lag1,0.5089921596992009
10,Capital_Formation_lag1,Inflation_lag1,-0.058512548357335784
10,Capital_Formation_lag1,Government_Debt_lag1,-0.01596533945850509
10,Capital_Formation_lag1,Trade_Balance_lag1,-0.008908542034921897
10,Capital_Formation_lag1,Exchange_Rate_lag1,0.5843439791212965
10,Capital_Formation_lag1,Reserves_lag1,0.11163390673140727
10,Inflation_lag1,GDP_Growth,-0.10570942357334726
10,Inflation_lag1,Capital_Formation_lag1,-3.8214155525235753
10,Inflation_lag1,Inflation_lag1,0.01243305589216917
10,Inflation_lag1,Government_Debt_lag1,-2.2265387532619627
10,Inflation_lag1,Trade_Balance_lag1,-0.03761871159179883
10,Inflation_lag1,Exchange_Rate_lag1,-8.63743492842583
10,Inflation_lag1,Reserves_lag1,1.106615461087235
10,Government_Debt_lag1,GDP_Growth,-0.021627778392278432
10,Government_Debt_lag1,Capital_Formation_lag1,-0.5239189158348979
10,Government_Debt_lag1,Inflation_lag1,0.011251492852669938
10,Government_Debt_lag1,Government_Debt_lag1,0.6448046611411256
10,Government_Debt_lag1,Trade_Balance_lag1,0.009332207690619425
10,Government_Debt_lag1,Exchange_Rate_lag1,-1.145152371061973
10,Government_Debt_lag1,Reserves_lag1,-0.003149926353380933
10,Trade_Balance_lag1,GDP_Growth,0.4535165581801492
10,Trade_Balance_lag1,Capital_Formation_lag1,-9.087006819355613
10,Trade_Balance_lag1,Inflation_lag1,2.0471757631944496
10,Trade_Balance_lag1,Government_Debt_lag1,11.580295677950264
10,Trade_Balance_lag1,Trade_Balance_lag1,-0.2749960776976289
10,Trade_Balance_lag1,Exchange_Rate_lag1,19.28236376473906
10,Trade_Balance_lag1,Reserves_lag1,2.280499481782377
10,Exchange_Rate_lag1,GDP_Growth,-0.006151294539839244
10,Exchange_Rate_lag1,Capital_Formation_lag1,-0.5531552593789544
10,Exchange_Rate_lag1,Inflation_lag1,0.0898624281455619
10,Exchange_Rate_lag1,Government_Debt_lag1,-0.8087558490299729
10,Exchange_Rate_lag1,Trade_Balance_lag1,0.0024020804815721424
10,Exchange_Rate_lag1,Exchange_Rate_lag1,-0.2633477213383
10,Exchange_Rate_lag1,Reserves_lag1,-0.09466931564758281
10,Reserves_lag1,GDP_Growth,0.05577032103425958
10,Reserves_lag1,Capital_Formation_lag1,-0.19198739472170168
10,Reserves_lag1,Inflation_lag1,0.06422591817862414
10,Reserves_lag1,Government_Debt_lag1,-0.010089130680589253
10,Reserves_lag1,Trade_Balance_lag1,-0.09995584790779066
10,Reserves_lag1,Exchange_Rate_lag1,4.010640392686916
10,Reserves_lag1,Reserves_lag1,0.9533865233700173
