country,cause,effect,p,q_BH,significant_FDR
Germany,GDP_Growth,Capital_Formation_lag1,0.0026916111800088,0.043631551907447,True
Germany,GDP_Growth,Inflation_lag1,0.0005998734399515,0.0176362791345741,True
Germany,GDP_Growth,Exchange_Rate_lag1,0.912070186325027,0.912070186325027,False
Germany,GDP_Growth,Government_Debt_lag1,0.0012419039726983,0.02808613599794617,True
Germany,GDP_Growth,Trade_Balance_lag1,0.2098308446139483,0.36080739764813924,False
Germany,GDP_Growth,Reserves_lag1,0.3529917084902644,0.4612424990939455,False
Germany,Capital_Formation_lag1,GDP_Growth,0.0061706054086077,0.06292619004166992,False
Germany,Capital_Formation_lag1,Inflation_lag1,0.3686125311730751,0.47324054220473394,False
Germany,Capital_Formation_lag1,Exchange_Rate_lag1,0.0371119374768628,0.14547879490930216,False
Germany,Capital_Formation_lag1,Government_Debt_lag1,0.2108137578158307,0.36080739764813924,False
Germany,Capital_Formation_lag1,Trade_Balance_lag1,0.0273472743916485,0.13073730238013742,False
Germany,Capital_Formation_lag1,Reserves_lag1,0.5624890045082143,0.6216983734038157,False
Germany,Inflation_lag1,GDP_Growth,0.0674081107392779,0.2070893665589151,False
Germany,Inflation_lag1,Capital_Formation_lag1,0.2651156168140305,0.40385487742655424,False
Germany,Inflation_lag1,Exchange_Rate_lag1,0.4528191854025161,0.541174148407885,False
Germany,Inflation_lag1,Government_Debt_lag1,0.1620395149555264,0.31712552786376874,False
Germany,Inflation_lag1,Trade_Balance_lag1,0.4472009884911051,0.5388286884593038,False
Germany,Inflation_lag1,Reserves_lag1,0.6257318517102385,0.6758884043429864,False
Germany,Exchange_Rate_lag1,GDP_Growth,0.3118959818055166,0.4325349936359522,False
Germany,Exchange_Rate_lag1,Capital_Formation_lag1,0.2478230724992154,0.3896255792233654,False
Germany,Exchange_Rate_lag1,Inflation_lag1,0.6138411365263304,0.6684047931064486,False
Germany,Exchange_Rate_lag1,Government_Debt_lag1,0.0349822921071249,0.1448562518238693,False
Germany,Exchange_Rate_lag1,Trade_Balance_lag1,0.4490239070494198,0.5388286884593038,False
Germany,Exchange_Rate_lag1,Reserves_lag1,0.3291206789122786,0.4448924391994287,False
Germany,Government_Debt_lag1,GDP_Growth,0.1374348327274032,0.29347181769908476,False
Germany,Government_Debt_lag1,Capital_Formation_lag1,0.6339643068151504,0.6802390737359643,False
Germany,Government_Debt_lag1,Inflation_lag1,0.115753671146021,0.2741059960823396,False
Germany,Government_Debt_lag1,Exchange_Rate_lag1,0.4390495102123443,0.5323187041000159,False
Germany,Government_Debt_lag1,Trade_Balance_lag1,0.1580030702659771,0.31176444737045145,False
Germany,Government_Debt_lag1,Reserves_lag1,0.6899072337343493,0.7269990204942605,False
Germany,Trade_Balance_lag1,GDP_Growth,0.7203920747169016,0.7510470566197485,False
Germany,Trade_Balance_lag1,Capital_Formation_lag1,0.1125280871808335,0.2689695742371142,False
Germany,Trade_Balance_lag1,Inflation_lag1,0.2464097986619962,0.3894864559496069,False
Germany,Trade_Balance_lag1,Exchange_Rate_lag1,0.0629660901714264,0.19905409150967057,False
Germany,Trade_Balance_lag1,Government_Debt_lag1,0.7741348630934338,0.7985812271911212,False
Germany,Trade_Balance_lag1,Reserves_lag1,0.0223691507638543,0.12647173701102238,False
Germany,Reserves_lag1,GDP_Growth,0.2002572737437709,0.3568220513979918,False
Germany,Reserves_lag1,Capital_Formation_lag1,0.0060213177449254,0.06292619004166992,False
Germany,Reserves_lag1,Inflation_lag1,0.3721065372768473,0.4744346293606121,False
Germany,Reserves_lag1,Exchange_Rate_lag1,0.0601099326383432,0.1963591132852545,False
Germany,Reserves_lag1,Government_Debt_lag1,0.8304615144264281,0.8477627959769787,False
Germany,Reserves_lag1,Trade_Balance_lag1,0.153161924718109,0.3042540936967841,False
Angola,GDP_Growth,Capital_Formation_lag1,0.0598676357407104,0.1963591132852545,False
Angola,GDP_Growth,Inflation_lag1,0.023879230307566,0.12907339777664228,False
Angola,GDP_Growth,Exchange_Rate_lag1,0.0109709398623363,0.08063640798817182,False
Angola,GDP_Growth,Government_Debt_lag1,0.0003052826003259,0.0128218692136878,True
Angola,GDP_Growth,Trade_Balance_lag1,0.0031165394219605,0.043631551907447,True
Angola,GDP_Growth,Reserves_lag1,0.032119780069832,0.13887081383133248,False
Angola,Capital_Formation_lag1,GDP_Growth,0.0460423005573785,0.1671164983193738,False
Angola,Capital_Formation_lag1,Inflation_lag1,0.1402834497715569,0.29347181769908476,False
Angola,Capital_Formation_lag1,Exchange_Rate_lag1,0.1006759324389359,0.2508366452292132,False
Angola,Capital_Formation_lag1,Government_Debt_lag1,0.3818681187490302,0.481842175588905,False
Angola,Capital_Formation_lag1,Trade_Balance_lag1,0.3727700659261952,0.4744346293606121,False
Angola,Capital_Formation_lag1,Reserves_lag1,0.4825755303172365,0.5585716768238879,False
Angola,Inflation_lag1,GDP_Growth,0.0281539132731922,0.13138492860823028,False
Angola,Inflation_lag1,Capital_Formation_lag1,0.2337707908498914,0.37556618857851404,False
Angola,Inflation_lag1,Exchange_Rate_lag1,0.034091719727873,0.14318522285706659,False
Angola,Inflation_lag1,Government_Debt_lag1,0.0726085437915746,0.2093884510338479,False
Angola,Inflation_lag1,Trade_Balance_lag1,0.5236245362109684,0.5920985140231719,False
Angola,Inflation_lag1,Reserves_lag1,0.000147285402894,0.0086603816901672,True
Angola,Exchange_Rate_lag1,GDP_Growth,0.0359904680199496,0.14547879490930216,False
Angola,Exchange_Rate_lag1,Capital_Formation_lag1,0.1639560552220845,0.31712552786376874,False
Angola,Exchange_Rate_lag1,Inflation_lag1,0.0272067256480922,0.13073730238013742,False
Angola,Exchange_Rate_lag1,Government_Debt_lag1,0.3624628926172891,0.46738636153282015,False
Angola,Exchange_Rate_lag1,Trade_Balance_lag1,0.1506156657429304,0.3013113830439412,False
Angola,Exchange_Rate_lag1,Reserves_lag1,0.3079231226899026,0.4310923717658636,False
Angola,Government_Debt_lag1,GDP_Growth,0.0029592478115359,0.043631551907447,True
Angola,Government_Debt_lag1,Capital_Formation_lag1,0.187298052220259,0.351941502104864,False
Angola,Government_Debt_lag1,Inflation_lag1,0.0336924174395149,0.14318522285706659,False
Angola,Government_Debt_lag1,Exchange_Rate_lag1,0.000249746173054,0.012237562479646002,True
Angola,Government_Debt_lag1,Trade_Balance_lag1,0.5053944131890376,0.5804138963967853,False
Angola,Government_Debt_lag1,Reserves_lag1,0.0043174197754002,0.0540134270602311,False
Angola,Trade_Balance_lag1,GDP_Growth,0.1187457875270162,0.2741059960823396,False
Angola,Trade_Balance_lag1,Capital_Formation_lag1,0.7268363071079672,0.7550878950167574,False
Angola,Trade_Balance_lag1,Inflation_lag1,0.0214696781095458,0.12376637969032284,False
Angola,Trade_Balance_lag1,Exchange_Rate_lag1,0.0312093209136091,0.13694836341195635,False
Angola,Trade_Balance_lag1,Government_Debt_lag1,0.4657734761073904,0.5521669434498903,False
Angola,Trade_Balance_lag1,Reserves_lag1,0.1407466880801733,0.29347181769908476,False
Angola,Reserves_lag1,GDP_Growth,0.0011660516566168,0.02808613599794617,True
Angola,Reserves_lag1,Capital_Formation_lag1,0.6089676063719319,0.665563108822855,False
Angola,Reserves_lag1,Inflation_lag1,0.0267905814592415,0.13073730238013742,False
Angola,Reserves_lag1,Exchange_Rate_lag1,0.0142486431759223,0.09309113541602569,False
Angola,Reserves_lag1,Government_Debt_lag1,0.0244078631236804,0.12907339777664228,False
Angola,Reserves_lag1,Trade_Balance_lag1,0.0690297888529717,0.2070893665589151,False
Ghana,GDP_Growth,Capital_Formation_lag1,0.2629529953449174,0.4033010926620204,False
Ghana,GDP_Growth,Inflation_lag1,0.0813642639491837,0.21945957432165145,False
Ghana,GDP_Growth,Exchange_Rate_lag1,0.1952210072203529,0.35212101810309515,False
Ghana,GDP_Growth,Government_Debt_lag1,0.2898036969838943,0.42179349957061846,False
Ghana,GDP_Growth,Trade_Balance_lag1,0.0812954025034451,0.21945957432165145,False
Ghana,GDP_Growth,Reserves_lag1,0.3213242950011439,0.44144552677727245,False
Ghana,Capital_Formation_lag1,GDP_Growth,0.0726677961010938,0.2093884510338479,False
Ghana,Capital_Formation_lag1,Inflation_lag1,0.1501381888239269,0.3013113830439412,False
Ghana,Capital_Formation_lag1,Exchange_Rate_lag1,0.1472163904056047,0.3013113830439412,False
Ghana,Capital_Formation_lag1,Government_Debt_lag1,0.0023708524001338,0.041001800331725714,True
Ghana,Capital_Formation_lag1,Trade_Balance_lag1,0.1338856392345212,0.29347181769908476,False
Ghana,Capital_Formation_lag1,Reserves_lag1,0.2735283981142565,0.40932006564451345,False
Ghana,Inflation_lag1,GDP_Growth,0.3347904332619126,0.44593629748762603,False
Ghana,Inflation_lag1,Capital_Formation_lag1,0.8792812283255473,0.882282188149184,False
Ghana,Inflation_lag1,Exchange_Rate_lag1,0.0512154590060677,0.1814137945516133,False
Ghana,Inflation_lag1,Government_Debt_lag1,0.0393044743985461,0.14836923010197045,False
Ghana,Inflation_lag1,Trade_Balance_lag1,0.0476221930759054,0.17074298493068524,False
Ghana,Inflation_lag1,Reserves_lag1,0.331399470015901,0.4448924391994287,False
Ghana,Exchange_Rate_lag1,GDP_Growth,0.1058028668206277,0.2570747342583847,False
Ghana,Exchange_Rate_lag1,Capital_Formation_lag1,0.0064210398001704,0.06292619004166992,False
Ghana,Exchange_Rate_lag1,Inflation_lag1,0.4726070726636251,0.5557859174524232,False
Ghana,Exchange_Rate_lag1,Government_Debt_lag1,0.0044092593518556,0.0540134270602311,False
Ghana,Exchange_Rate_lag1,Trade_Balance_lag1,0.1278427136693672,0.28691418182285466,False
Ghana,Exchange_Rate_lag1,Reserves_lag1,0.463623802055744,0.5518437158072419,False
Ghana,Government_Debt_lag1,GDP_Growth,0.0193816161684381,0.11396390307041603,False
Ghana,Government_Debt_lag1,Capital_Formation_lag1,0.1630274087785302,0.31712552786376874,False
Ghana,Government_Debt_lag1,Inflation_lag1,0.0828285483543914,0.22137812014719155,False
Ghana,Government_Debt_lag1,Exchange_Rate_lag1,0.1243760648869622,0.2822644762657355,False
Ghana,Government_Debt_lag1,Trade_Balance_lag1,0.0116076431533347,0.08323529480683907,False
Ghana,Government_Debt_lag1,Reserves_lag1,0.2748541048732227,0.40932006564451345,False
Ghana,Trade_Balance_lag1,GDP_Growth,0.1304399614485358,0.29052536868082973,False
Ghana,Trade_Balance_lag1,Capital_Formation_lag1,0.3111268709721242,0.4325349936359522,False
Ghana,Trade_Balance_lag1,Inflation_lag1,0.2633803054119317,0.4033010926620204,False
Ghana,Trade_Balance_lag1,Exchange_Rate_lag1,0.0688294716569238,0.2070893665589151,False
Ghana,Trade_Balance_lag1,Government_Debt_lag1,0.0952675432278667,0.24766033823741287,False
Ghana,Trade_Balance_lag1,Reserves_lag1,0.1921376966706534,0.35212101810309515,False
Ghana,Reserves_lag1,GDP_Growth,0.3246885160851371,0.44193714689365887,False
Ghana,Reserves_lag1,Capital_Formation_lag1,0.1348584634870513,0.29347181769908476,False
Ghana,Reserves_lag1,Inflation_lag1,0.3802972280788034,0.481842175588905,False
Ghana,Reserves_lag1,Exchange_Rate_lag1,0.221900121800718,0.37009293915803876,False
Ghana,Reserves_lag1,Government_Debt_lag1,0.0123057000532504,0.08413664687571204,False
Ghana,Reserves_lag1,Trade_Balance_lag1,0.0740693840391843,0.2093884510338479,False
Morocco,GDP_Growth,Capital_Formation_lag1,0.2303191384159876,0.37518666026527203,False
Morocco,GDP_Growth,Inflation_lag1,0.8366133716034427,0.8510876513889695,False
Morocco,GDP_Growth,Exchange_Rate_lag1,0.2205672004703034,0.37009293915803876,False
Morocco,GDP_Growth,Government_Debt_lag1,9.064203799216144e-06,0.000888291972323182,True
Morocco,GDP_Growth,Trade_Balance_lag1,0.4794097401250158,0.5571006466274887,False
Morocco,GDP_Growth,Reserves_lag1,0.0667695651216918,0.2070893665589151,False
Morocco,Capital_Formation_lag1,GDP_Growth,0.0964704458399436,0.24766033823741287,False
Morocco,Capital_Formation_lag1,Inflation_lag1,0.3591911927367875,0.4652079764961036,False
Morocco,Capital_Formation_lag1,Exchange_Rate_lag1,0.1937450991831397,0.35212101810309515,False
Morocco,Capital_Formation_lag1,Government_Debt_lag1,0.0153965777248897,0.09430403856494941,False
Morocco,Capital_Formation_lag1,Trade_Balance_lag1,7.339649238764577e-05,0.005394642190491964,True
Morocco,Capital_Formation_lag1,Reserves_lag1,0.0569487026605961,0.19244734002546268,False
Morocco,Inflation_lag1,GDP_Growth,0.8543075868329174,0.8631148815425351,False
Morocco,Inflation_lag1,Capital_Formation_lag1,0.4771681401856188,0.5566961635498886,False
Morocco,Inflation_lag1,Exchange_Rate_lag1,0.2107400422774969,0.36080739764813924,False
Morocco,Inflation_lag1,Government_Debt_lag1,0.0378740756643056,0.14651287164876112,False
Morocco,Inflation_lag1,Trade_Balance_lag1,0.2871153452326322,0.42179349957061846,False
Morocco,Inflation_lag1,Reserves_lag1,0.5441684532730493,0.6106317758102157,False
Morocco,Exchange_Rate_lag1,GDP_Growth,0.7991373165749656,0.8186284706377696,False
Morocco,Exchange_Rate_lag1,Capital_Formation_lag1,0.1738274328953711,0.32971138884670387,False
Morocco,Exchange_Rate_lag1,Inflation_lag1,0.2938621632913707,0.42350723533168133,False
Morocco,Exchange_Rate_lag1,Government_Debt_lag1,0.3384766400954774,0.4482528476940106,False
Morocco,Exchange_Rate_lag1,Trade_Balance_lag1,0.0069576263513636,0.0659852305580935,False
Morocco,Exchange_Rate_lag1,Reserves_lag1,0.0362049847690572,0.14547879490930216,False
Morocco,Government_Debt_lag1,GDP_Growth,0.2747383125679389,0.40932006564451345,False
Morocco,Government_Debt_lag1,Capital_Formation_lag1,0.2127592866411496,0.36156780504334096,False
Morocco,Government_Debt_lag1,Inflation_lag1,0.1099460621435289,0.264951985821291,False
Morocco,Government_Debt_lag1,Exchange_Rate_lag1,0.0147666255818384,0.09430403856494941,False
Morocco,Government_Debt_lag1,Trade_Balance_lag1,0.0275704515223419,0.13073730238013742,False
Morocco,Government_Debt_lag1,Reserves_lag1,0.0029949604660152,0.043631551907447,True
Morocco,Trade_Balance_lag1,GDP_Growth,0.0544865753774223,0.19070301382097804,False
Morocco,Trade_Balance_lag1,Capital_Formation_lag1,0.0807641904358785,0.21945957432165145,False
Morocco,Trade_Balance_lag1,Inflation_lag1,0.1712443205825053,0.3269209756575101,False
Morocco,Trade_Balance_lag1,Exchange_Rate_lag1,0.014185780987684,0.09309113541602569,False
Morocco,Trade_Balance_lag1,Government_Debt_lag1,0.0049267032526235,0.05793803025085237,False
Morocco,Trade_Balance_lag1,Reserves_lag1,0.2505513489430896,0.3918196627088742,False
Morocco,Reserves_lag1,GDP_Growth,0.1506556915219706,0.3013113830439412,False
Morocco,Reserves_lag1,Capital_Formation_lag1,0.148433841116406,0.3013113830439412,False
Morocco,Reserves_lag1,Inflation_lag1,0.4000751632395012,0.49629577211988757,False
Morocco,Reserves_lag1,Exchange_Rate_lag1,0.139048287102237,0.29347181769908476,False
Morocco,Reserves_lag1,Government_Debt_lag1,0.2333262442407061,0.37556618857851404,False
Morocco,Reserves_lag1,Trade_Balance_lag1,0.0075287967170758,0.06707473438849348,False
France,GDP_Growth,Capital_Formation_lag1,0.0109409670916429,0.08063640798817182,False
France,GDP_Growth,Inflation_lag1,0.0062200570007181,0.06292619004166992,False
France,GDP_Growth,Exchange_Rate_lag1,0.6368121632457364,0.6808100945245328,False
France,GDP_Growth,Government_Debt_lag1,8.005000600497991e-07,0.00023534701765464094,True
France,GDP_Growth,Trade_Balance_lag1,0.0017974925378822,0.03302892538358543,True
France,GDP_Growth,Reserves_lag1,0.7180498672138964,0.7510470566197485,False
France,Capital_Formation_lag1,GDP_Growth,0.1698524593517751,0.3263831571857639,False
France,Capital_Formation_lag1,Inflation_lag1,0.6461096639320894,0.6857626035957916,False
France,Capital_Formation_lag1,Exchange_Rate_lag1,0.3521422211733327,0.4612424990939455,False
France,Capital_Formation_lag1,Government_Debt_lag1,0.1891687271329843,0.351941502104864,False
France,Capital_Formation_lag1,Trade_Balance_lag1,0.1392571959441918,0.29347181769908476,False
France,Capital_Formation_lag1,Reserves_lag1,0.2756645340054887,0.40932006564451345,False
France,Inflation_lag1,GDP_Growth,0.2557583861597451,0.39575245016297406,False
France,Inflation_lag1,Capital_Formation_lag1,0.2528175154185718,0.39327169065111167,False
France,Inflation_lag1,Exchange_Rate_lag1,0.1903357103220183,0.351941502104864,False
France,Inflation_lag1,Government_Debt_lag1,0.6879794519731829,0.7269990204942605,False
France,Inflation_lag1,Trade_Balance_lag1,0.5111119586013915,0.5846961705401131,False
France,Inflation_lag1,Reserves_lag1,0.0250244342628184,0.12907339777664228,False
France,Exchange_Rate_lag1,GDP_Growth,0.3049361299371558,0.43101549135347983,False
France,Exchange_Rate_lag1,Capital_Formation_lag1,0.7392779474342123,0.7653088610762621,False
France,Exchange_Rate_lag1,Inflation_lag1,0.274696725090215,0.40932006564451345,False
France,Exchange_Rate_lag1,Government_Debt_lag1,0.2374907846996419,0.3794689712048626,False
France,Exchange_Rate_lag1,Trade_Balance_lag1,0.0395976115427694,0.14836923010197045,False
France,Exchange_Rate_lag1,Reserves_lag1,0.4076373595065393,0.5014451200624375,False
France,Government_Debt_lag1,GDP_Growth,0.6259469257176553,0.6758884043429864,False
France,Government_Debt_lag1,Capital_Formation_lag1,0.1193386649610186,0.2741059960823396,False
France,Government_Debt_lag1,Inflation_lag1,0.5565703592432045,0.6174780589339703,False
France,Government_Debt_lag1,Exchange_Rate_lag1,0.0098379293241528,0.0803430894805812,False
France,Government_Debt_lag1,Trade_Balance_lag1,0.0370333756367434,0.14547879490930216,False
France,Government_Debt_lag1,Reserves_lag1,0.1050597267834206,0.2570747342583847,False
France,Trade_Balance_lag1,GDP_Growth,0.4343311601812033,0.531891867318586,False
France,Trade_Balance_lag1,Capital_Formation_lag1,0.5990004029199627,0.6571123823077203,False
France,Trade_Balance_lag1,Inflation_lag1,0.6432758095189206,0.6852285797049371,False
France,Trade_Balance_lag1,Exchange_Rate_lag1,0.0153382400038815,0.09430403856494941,False
France,Trade_Balance_lag1,Government_Debt_lag1,0.5462717552573404,0.6106612016945174,False
France,Trade_Balance_lag1,Reserves_lag1,0.5139267350521521,0.5856374422687315,False
France,Reserves_lag1,GDP_Growth,0.3852015784811222,0.48397121398910226,False
France,Reserves_lag1,Capital_Formation_lag1,0.0015959850713409,0.032517517832141164,True
France,Reserves_lag1,Inflation_lag1,0.2054038428967831,0.36080739764813924,False
France,Reserves_lag1,Exchange_Rate_lag1,0.3162601569419074,0.43652810394798486,False
France,Reserves_lag1,Government_Debt_lag1,0.1885602485628131,0.351941502104864,False
France,Reserves_lag1,Trade_Balance_lag1,0.2928539437229656,0.42350723533168133,False
DRC,GDP_Growth,Capital_Formation_lag1,0.4399777044091968,0.5323187041000159,False
DRC,GDP_Growth,Inflation_lag1,0.0861800887757395,0.22826077567628303,False
DRC,GDP_Growth,Exchange_Rate_lag1,0.0008070605740335,0.021570528069622633,True
DRC,GDP_Growth,Government_Debt_lag1,0.0101120248160191,0.08034960259215178,False
DRC,GDP_Growth,Trade_Balance_lag1,0.3007670433296334,0.42717638038121847,False
DRC,GDP_Growth,Reserves_lag1,0.474886334925632,0.5562413644148836,False
DRC,Capital_Formation_lag1,GDP_Growth,0.5189345027471529,0.5890607869021736,False
DRC,Capital_Formation_lag1,Inflation_lag1,0.0770690368947042,0.21375751742493426,False
DRC,Capital_Formation_lag1,Exchange_Rate_lag1,0.075741249522322,0.2120754986625016,False
DRC,Capital_Formation_lag1,Government_Debt_lag1,0.3936554216093565,0.4924880593751098,False
DRC,Capital_Formation_lag1,Trade_Balance_lag1,0.5335713511653999,0.6010343955656228,False
DRC,Capital_Formation_lag1,Reserves_lag1,0.2309822636327015,0.37518666026527203,False
DRC,Inflation_lag1,GDP_Growth,0.2110845999846257,0.36080739764813924,False
DRC,Inflation_lag1,Capital_Formation_lag1,0.2179338175076967,0.36823300199576336,False
DRC,Inflation_lag1,Exchange_Rate_lag1,0.1964153074238937,0.35212101810309515,False
DRC,Inflation_lag1,Government_Debt_lag1,0.3237270596725898,0.44193714689365887,False
DRC,Inflation_lag1,Trade_Balance_lag1,0.2265445867434987,0.37418038484600347,False
DRC,Inflation_lag1,Reserves_lag1,0.1964212481935633,0.35212101810309515,False
DRC,Exchange_Rate_lag1,GDP_Growth,0.7953087552610099,0.8175551540095696,False
DRC,Exchange_Rate_lag1,Capital_Formation_lag1,0.0940934290516491,0.24699525126057886,False
DRC,Exchange_Rate_lag1,Inflation_lag1,0.2228110552073907,0.37009293915803876,False
DRC,Exchange_Rate_lag1,Government_Debt_lag1,0.0242217274534136,0.12907339777664228,False
DRC,Exchange_Rate_lag1,Trade_Balance_lag1,0.0688058436432257,0.2070893665589151,False
DRC,Exchange_Rate_lag1,Reserves_lag1,0.0249509497052315,0.12907339777664228,False
DRC,Government_Debt_lag1,GDP_Growth,0.335210618179474,0.44593629748762603,False
DRC,Government_Debt_lag1,Capital_Formation_lag1,0.0711991281908835,0.2093254368811975,False
DRC,Government_Debt_lag1,Inflation_lag1,0.039867922374339,0.14836923010197045,False
DRC,Government_Debt_lag1,Exchange_Rate_lag1,0.0040278549291759,0.053826788598987034,False
DRC,Government_Debt_lag1,Trade_Balance_lag1,0.4679563417481196,0.5525267649556111,False
DRC,Government_Debt_lag1,Reserves_lag1,0.0977163239304078,0.24766033823741287,False
DRC,Trade_Balance_lag1,GDP_Growth,0.4975637335985837,0.5736617163842493,False
DRC,Trade_Balance_lag1,Capital_Formation_lag1,0.0081286588769691,0.06868403913249396,False
DRC,Trade_Balance_lag1,Inflation_lag1,0.029165648947054,0.13322822008290336,False
DRC,Trade_Balance_lag1,Exchange_Rate_lag1,0.1376494422527929,0.29347181769908476,False
DRC,Trade_Balance_lag1,Government_Debt_lag1,0.0120913714274671,0.08413664687571204,False
DRC,Trade_Balance_lag1,Reserves_lag1,0.4360065987203374,0.531891867318586,False
DRC,Reserves_lag1,GDP_Growth,0.2889370863780627,0.42179349957061846,False
DRC,Reserves_lag1,Capital_Formation_lag1,0.0404852610189111,0.1487833342444983,False
DRC,Reserves_lag1,Inflation_lag1,0.2051934821294715,0.36080739764813924,False
DRC,Reserves_lag1,Exchange_Rate_lag1,0.0612810884087344,0.19798505485898807,False
DRC,Reserves_lag1,Government_Debt_lag1,0.0106200522920989,0.08063640798817182,False
DRC,Reserves_lag1,Trade_Balance_lag1,0.296402052272009,0.4250839188681495,False
Nigeria,GDP_Growth,Capital_Formation_lag1,0.0163688914459469,0.0982133486756814,False
Nigeria,GDP_Growth,Inflation_lag1,0.4063146593326814,0.5014451200624375,False
Nigeria,GDP_Growth,Exchange_Rate_lag1,0.3307903580681212,0.4448924391994287,False
Nigeria,GDP_Growth,Government_Debt_lag1,0.0579665498673896,0.19366097342059707,False
Nigeria,GDP_Growth,Trade_Balance_lag1,0.0707141182851968,0.2093254368811975,False
Nigeria,GDP_Growth,Reserves_lag1,0.0074179844418234,0.06707473438849348,False
Nigeria,Capital_Formation_lag1,GDP_Growth,0.5528817884873145,0.6157092644517821,False
Nigeria,Capital_Formation_lag1,Inflation_lag1,0.0081766713252969,0.06868403913249396,False
Nigeria,Capital_Formation_lag1,Exchange_Rate_lag1,0.20981644145788,0.36080739764813924,False
Nigeria,Capital_Formation_lag1,Government_Debt_lag1,0.0058584022145572,0.06292619004166992,False
Nigeria,Capital_Formation_lag1,Trade_Balance_lag1,0.6923862215672172,0.7270055326455781,False
Nigeria,Capital_Formation_lag1,Reserves_lag1,0.3078675539906859,0.4310923717658636,False
Nigeria,Inflation_lag1,GDP_Growth,0.3446675572390605,0.4544047615618107,False
Nigeria,Inflation_lag1,Capital_Formation_lag1,0.2282744227938199,0.3749311748680617,False
Nigeria,Inflation_lag1,Exchange_Rate_lag1,0.1248108228385905,0.2822644762657355,False
Nigeria,Inflation_lag1,Government_Debt_lag1,0.8574347673626019,0.8633076082349486,False
Nigeria,Inflation_lag1,Trade_Balance_lag1,0.1169682386745125,0.2741059960823396,False
Nigeria,Inflation_lag1,Reserves_lag1,0.2412356422180009,0.3833690746599582,False
Nigeria,Exchange_Rate_lag1,GDP_Growth,0.0738430159453685,0.2093884510338479,False
Nigeria,Exchange_Rate_lag1,Capital_Formation_lag1,0.0262136568936467,0.13073730238013742,False
Nigeria,Exchange_Rate_lag1,Inflation_lag1,0.0551780932981863,0.19085128740784435,False
Nigeria,Exchange_Rate_lag1,Government_Debt_lag1,0.0299083759369783,0.13322822008290336,False
Nigeria,Exchange_Rate_lag1,Trade_Balance_lag1,0.0564150324028644,0.19244734002546268,False
Nigeria,Exchange_Rate_lag1,Reserves_lag1,0.8443673832390299,0.8560138299043959,False
Nigeria,Government_Debt_lag1,GDP_Growth,0.5944273414131962,0.6545379714437441,False
Nigeria,Government_Debt_lag1,Capital_Formation_lag1,0.3589001566114527,0.4652079764961036,False
Nigeria,Government_Debt_lag1,Inflation_lag1,0.0004629228502453,0.015122146441346466,True
Nigeria,Government_Debt_lag1,Exchange_Rate_lag1,0.6276106611756302,0.6758884043429864,False
Nigeria,Government_Debt_lag1,Trade_Balance_lag1,0.1000735847932953,0.2508366452292132,False
Nigeria,Government_Debt_lag1,Reserves_lag1,0.3978669804710305,0.4956478485528939,False
Nigeria,Trade_Balance_lag1,GDP_Growth,0.0625416966687915,0.19905409150967057,False
Nigeria,Trade_Balance_lag1,Capital_Formation_lag1,0.2991446525171083,0.4269346011651934,False
Nigeria,Trade_Balance_lag1,Inflation_lag1,0.0294917437726021,0.13322822008290336,False
Nigeria,Trade_Balance_lag1,Exchange_Rate_lag1,0.1175254247359814,0.2741059960823396,False
Nigeria,Trade_Balance_lag1,Government_Debt_lag1,8.877482448944501e-06,0.000888291972323182,True
Nigeria,Trade_Balance_lag1,Reserves_lag1,0.1017888961530912,0.2514784493194018,False
Nigeria,Reserves_lag1,GDP_Growth,0.2779527456719851,0.4106437549123799,False
Nigeria,Reserves_lag1,Capital_Formation_lag1,0.0973747225796599,0.24766033823741287,False
Nigeria,Reserves_lag1,Inflation_lag1,0.1473431089055711,0.3013113830439412,False
Nigeria,Reserves_lag1,Exchange_Rate_lag1,0.1322151872603126,0.29226515078595416,False
Nigeria,Reserves_lag1,Government_Debt_lag1,0.0003725393336616,0.0136908205120638,True
Nigeria,Reserves_lag1,Trade_Balance_lag1,0.0016590570322521,0.032517517832141164,True
